Workbook

Sheet Gemini抽出データ

Sheet シール
A1: 1 | B1: =OFFSET(Gemini抽出データ!$A$1,A1,0) -> 0 | D1: =A1+1 -> 2 | E1: =OFFSET(Gemini抽出データ!$A$1,D1,0) -> 0 | G1: =D1+1 -> 3 | H1: =OFFSET(Gemini抽出データ!$A$1,G1,0) -> 0 | J1: =G1+1 -> 4 | K1: =OFFSET(Gemini抽出データ!$A$1,J1,0) -> 0 | M1: =J43+1 -> 29 | N1: =OFFSET(Gemini抽出データ!$A$1,M1,0) -> 0 | P1: =M1+1 -> 30 | Q1: =OFFSET(Gemini抽出データ!$A$1,P1,0) -> 0 | S1: =P1+1 -> 31 | T1: =OFFSET(Gemini抽出データ!$A$1,S1,0) -> 0 | V1: =S1+1 -> 32 | W1: =OFFSET(Gemini抽出データ!$A$1,V1,0) -> 0 | Y1: =V43+1 -> 57 | Z1: =OFFSET(Gemini抽出データ!$A$1,Y1,0) -> 0 | AB1: =Y1+1 -> 58 | AC1: =OFFSET(Gemini抽出データ!$A$1,AB1,0) -> 0 | AE1: =AB1+1 -> 59 | AF1: =OFFSET(Gemini抽出データ!$A$1,AE1,0) -> 0 | AH1: =AE1+1 -> 60 | AI1: =OFFSET(Gemini抽出データ!$A$1,AH1,0) -> 0 | AK1: =AH43+1 -> 85 | AL1: =OFFSET(Gemini抽出データ!$A$1,AK1,0) -> 0 | AN1: =AK1+1 -> 86 | AO1: =OFFSET(Gemini抽出データ!$A$1,AN1,0) -> 0 | AQ1: =AN1+1 -> 87 | AR1: =OFFSET(Gemini抽出データ!$A$1,AQ1,0) -> 0 | AT1: =AQ1+1 -> 88 | AU1: =OFFSET(Gemini抽出データ!$A$1,AT1,0) -> 0 | AW1: =AT43+1 -> 113 | AX1: =OFFSET(Gemini抽出データ!$A$1,AW1,0) -> 0 | AZ1: =AW1+1 -> 114 | BA1: =OFFSET(Gemini抽出データ!$A$1,AZ1,0) -> 0 | BC1: =AZ1+1 -> 115 | BD1: =OFFSET(Gemini抽出データ!$A$1,BC1,0) -> 0 | BF1: =BC1+1 -> 116 | BG1: =OFFSET(Gemini抽出データ!$A$1,BF1,0) -> 0 | BI1: =BF43+1 -> 141 | BJ1: =OFFSET(Gemini抽出データ!$A$1,BI1,0) -> 0 | BL1: =BI1+1 -> 142 | BM1: =OFFSET(Gemini抽出データ!$A$1,BL1,0) -> 0 | BO1: =BL1+1 -> 143 | BP1: =OFFSET(Gemini抽出データ!$A$1,BO1,0) -> 0 | BR1: =BO1+1 -> 144 | BS1: =OFFSET(Gemini抽出データ!$A$1,BR1,0) -> 0 | BU1: =BR43+1 -> 169 | BV1: =OFFSET(Gemini抽出データ!$A$1,BU1,0) -> 0 | BX1: =BU1+1 -> 170 | BY1: =OFFSET(Gemini抽出データ!$A$1,BX1,0) -> 0 | CA1: =BX1+1 -> 171 | CB1: =OFFSET(Gemini抽出データ!$A$1,CA1,0) -> 0 | CD1: =CA1+1 -> 172 | CE1: =OFFSET(Gemini抽出データ!$A$1,CD1,0) -> 0 | CG1: =CD43+1 -> 197 | CH1: =OFFSET(Gemini抽出データ!$A$1,CG1,0) -> 0 | CJ1: =CG1+1 -> 198 | CK1: =OFFSET(Gemini抽出データ!$A$1,CJ1,0) -> 0 | CM1: =CJ1+1 -> 199 | CN1: =OFFSET(Gemini抽出データ!$A$1,CM1,0) -> 0 | CP1: =CM1+1 -> 200 | CQ1: =OFFSET(Gemini抽出データ!$A$1,CP1,0) -> 0 | CS1: =CP43+1 -> 225 | CT1: =OFFSET(Gemini抽出データ!$A$1,CS1,0) -> 0 | CV1: =CS1+1 -> 226 | CW1: =OFFSET(Gemini抽出データ!$A$1,CV1,0) -> 0 | CY1: =CV1+1 -> 227 | CZ1: =OFFSET(Gemini抽出データ!$A$1,CY1,0) -> 0 | DB1: =CY1+1 -> 228 | DC1: =OFFSET(Gemini抽出データ!$A$1,DB1,0) -> 0 | DE1: =DB43+1 -> 253 | DF1: =OFFSET(Gemini抽出データ!$A$1,DE1,0) -> 0 | DH1: =DE1+1 -> 254 | DI1: =OFFSET(Gemini抽出データ!$A$1,DH1,0) -> 0 | DK1: =DH1+1 -> 255 | DL1: =OFFSET(Gemini抽出データ!$A$1,DK1,0) -> 0 | DN1: =DK1+1 -> 256 | DO1: =OFFSET(Gemini抽出データ!$A$1,DN1,0) -> 0 | DQ1: =DN43+1 -> 281 | DR1: =OFFSET(Gemini抽出データ!$A$1,DQ1,0) -> 0 | DT1: =DQ1+1 -> 282 | DU1: =OFFSET(Gemini抽出データ!$A$1,DT1,0) -> 0 | DW1: =DT1+1 -> 283 | DX1: =OFFSET(Gemini抽出データ!$A$1,DW1,0) -> 0 | DZ1: =DW1+1 -> 284 | EA1: =OFFSET(Gemini抽出データ!$A$1,DZ1,0) -> 0 | EC1: =DZ43+1 -> 309 | ED1: =OFFSET(Gemini抽出データ!$A$1,EC1,0) -> 0 | EF1: =EC1+1 -> 310 | EG1: =OFFSET(Gemini抽出データ!$A$1,EF1,0) -> 0 | EI1: =EF1+1 -> 311 | EJ1: =OFFSET(Gemini抽出データ!$A$1,EI1,0) -> 0 | EL1: =EI1+1 -> 312 | EM1: =OFFSET(Gemini抽出データ!$A$1,EL1,0) -> 0 | EO1: =EL43+1 -> 337 | EP1: =OFFSET(Gemini抽出データ!$A$1,EO1,0) -> 0 | ER1: =EO1+1 -> 338 | ES1: =OFFSET(Gemini抽出データ!$A$1,ER1,0) -> 0 | EU1: =ER1+1 -> 339 | EV1: =OFFSET(Gemini抽出データ!$A$1,EU1,0) -> 0 | EX1: =EU1+1 -> 340 | EY1: =OFFSET(Gemini抽出データ!$A$1,EX1,0) -> 0 | FA1: =EX43+1 -> 365 | FB1: =OFFSET(Gemini抽出データ!$A$1,FA1,0) -> 0 | FD1: =FA1+1 -> 366 | FE1: =OFFSET(Gemini抽出データ!$A$1,FD1,0) -> 0 | FG1: =FD1+1 -> 367 | FH1: =OFFSET(Gemini抽出データ!$A$1,FG1,0) -> 0 | FJ1: =FG1+1 -> 368 | FK1: =OFFSET(Gemini抽出データ!$A$1,FJ1,0) -> 0 | FM1: =FJ43+1 -> 393 | FN1: =OFFSET(Gemini抽出データ!$A$1,FM1,0) -> 0 | FP1: =FM1+1 -> 394 | FQ1: =OFFSET(Gemini抽出データ!$A$1,FP1,0) -> 0 | FS1: =FP1+1 -> 395 | FT1: =OFFSET(Gemini抽出データ!$A$1,FS1,0) -> 0 | FV1: =FS1+1 -> 396 | FW1: =OFFSET(Gemini抽出データ!$A$1,FV1,0) -> 0 | FY1: =FV43+1 -> 421 | FZ1: =OFFSET(Gemini抽出データ!$A$1,FY1,0) -> 0 | GB1: =FY1+1 -> 422 | GC1: =OFFSET(Gemini抽出データ!$A$1,GB1,0) -> 0 | GE1: =GB1+1 -> 423 | GF1: =OFFSET(Gemini抽出データ!$A$1,GE1,0) -> 0 | GH1: =GE1+1 -> 424 | GI1: =OFFSET(Gemini抽出データ!$A$1,GH1,0) -> 0 | GK1: =GH43+1 -> 449 | GL1: =OFFSET(Gemini抽出データ!$A$1,GK1,0) -> 0 | GN1: =GK1+1 -> 450 | GO1: =OFFSET(Gemini抽出データ!$A$1,GN1,0) -> 0 | GQ1: =GN1+1 -> 451 | GR1: =OFFSET(Gemini抽出データ!$A$1,GQ1,0) -> 0 | GT1: =GQ1+1 -> 452 | GU1: =OFFSET(Gemini抽出データ!$A$1,GT1,0) -> 0 | GW1: =GT43+1 -> 477 | GX1: =OFFSET(Gemini抽出データ!$A$1,GW1,0) -> 0 | GZ1: =GW1+1 -> 478 | HA1: =OFFSET(Gemini抽出データ!$A$1,GZ1,0) -> 0 | HC1: =GZ1+1 -> 479 | HD1: =OFFSET(Gemini抽出データ!$A$1,HC1,0) -> 0 | HF1: =HC1+1 -> 480 | HG1: =OFFSET(Gemini抽出データ!$A$1,HF1,0) -> 0 | HI1: =HF43+1 -> 505 | HJ1: =OFFSET(Gemini抽出データ!$A$1,HI1,0) -> 0 | HL1: =HI1+1 -> 506 | HM1: =OFFSET(Gemini抽出データ!$A$1,HL1,0) -> 0 | HO1: =HL1+1 -> 507 | HP1: =OFFSET(Gemini抽出データ!$A$1,HO1,0) -> 0 | HR1: =HO1+1 -> 508 | HS1: =OFFSET(Gemini抽出データ!$A$1,HR1,0) -> 0 | HU1: =OFFSET(Gemini抽出データ!$A$1,#REF!,0) -> #REF!
A2: ="クライアント名"&A$1 -> クライアント名1 | B2: =OFFSET(Gemini抽出データ!$A$1,A1,2) -> 0 | D2: ="クライアント名"&D$1 -> クライアント名2 | E2: =OFFSET(Gemini抽出データ!$A$1,D1,2) -> 0 | G2: ="クライアント名"&G$1 -> クライアント名3 | H2: =OFFSET(Gemini抽出データ!$A$1,G1,2) -> 0 | J2: ="クライアント名"&J$1 -> クライアント名4 | K2: =OFFSET(Gemini抽出データ!$A$1,J1,2) -> 0 | M2: ="クライアント名"&M$1 -> クライアント名29 | N2: =OFFSET(Gemini抽出データ!$A$1,M1,2) -> 0 | P2: ="クライアント名"&P$1 -> クライアント名30 | Q2: =OFFSET(Gemini抽出データ!$A$1,P1,2) -> 0 | S2: ="クライアント名"&S$1 -> クライアント名31 | T2: =OFFSET(Gemini抽出データ!$A$1,S1,2) -> 0 | V2: ="クライアント名"&V$1 -> クライアント名32 | W2: =OFFSET(Gemini抽出データ!$A$1,V1,2) -> 0 | Y2: ="クライアント名"&Y$1 -> クライアント名57 | Z2: =OFFSET(Gemini抽出データ!$A$1,Y1,2) -> 0 | AB2: ="クライアント名"&AB$1 -> クライアント名58 | AC2: =OFFSET(Gemini抽出データ!$A$1,AB1,2) -> 0 | AE2: ="クライアント名"&AE$1 -> クライアント名59 | AF2: =OFFSET(Gemini抽出データ!$A$1,AE1,2) -> 0 | AH2: ="クライアント名"&AH$1 -> クライアント名60 | AI2: =OFFSET(Gemini抽出データ!$A$1,AH1,2) -> 0 | AK2: ="クライアント名"&AK$1 -> クライアント名85 | AL2: =OFFSET(Gemini抽出データ!$A$1,AK1,2) -> 0 | AN2: ="クライアント名"&AN$1 -> クライアント名86 | AO2: =OFFSET(Gemini抽出データ!$A$1,AN1,2) -> 0 | AQ2: ="クライアント名"&AQ$1 -> クライアント名87 | AR2: =OFFSET(Gemini抽出データ!$A$1,AQ1,2) -> 0 | AT2: ="クライアント名"&AT$1 -> クライアント名88 | AU2: =OFFSET(Gemini抽出データ!$A$1,AT1,2) -> 0 | AW2: ="クライアント名"&AW$1 -> クライアント名113 | AX2: =OFFSET(Gemini抽出データ!$A$1,AW1,2) -> 0 | AZ2: ="クライアント名"&AZ$1 -> クライアント名114 | BA2: =OFFSET(Gemini抽出データ!$A$1,AZ1,2) -> 0 | BC2: ="クライアント名"&BC$1 -> クライアント名115 | BD2: =OFFSET(Gemini抽出データ!$A$1,BC1,2) -> 0 | BF2: ="クライアント名"&BF$1 -> クライアント名116 | BG2: =OFFSET(Gemini抽出データ!$A$1,BF1,2) -> 0 | BI2: ="クライアント名"&BI$1 -> クライアント名141 | BJ2: =OFFSET(Gemini抽出データ!$A$1,BI1,2) -> 0 | BL2: ="クライアント名"&BL$1 -> クライアント名142 | BM2: =OFFSET(Gemini抽出データ!$A$1,BL1,2) -> 0 | BO2: ="クライアント名"&BO$1 -> クライアント名143 | BP2: =OFFSET(Gemini抽出データ!$A$1,BO1,2) -> 0 | BR2: ="クライアント名"&BR$1 -> クライアント名144 | BS2: =OFFSET(Gemini抽出データ!$A$1,BR1,2) -> 0 | BU2: ="クライアント名"&BU$1 -> クライアント名169 | BV2: =OFFSET(Gemini抽出データ!$A$1,BU1,2) -> 0 | BX2: ="クライアント名"&BX$1 -> クライアント名170 | BY2: =OFFSET(Gemini抽出データ!$A$1,BX1,2) -> 0 | CA2: ="クライアント名"&CA$1 -> クライアント名171 | CB2: =OFFSET(Gemini抽出データ!$A$1,CA1,2) -> 0 | CD2: ="クライアント名"&CD$1 -> クライアント名172 | CE2: =OFFSET(Gemini抽出データ!$A$1,CD1,2) -> 0 | CG2: ="クライアント名"&CG$1 -> クライアント名197 | CH2: =OFFSET(Gemini抽出データ!$A$1,CG1,2) -> 0 | CJ2: ="クライアント名"&CJ$1 -> クライアント名198 | CK2: =OFFSET(Gemini抽出データ!$A$1,CJ1,2) -> 0 | CM2: ="クライアント名"&CM$1 -> クライアント名199 | CN2: =OFFSET(Gemini抽出データ!$A$1,CM1,2) -> 0 | CP2: ="クライアント名"&CP$1 -> クライアント名200 | CQ2: =OFFSET(Gemini抽出データ!$A$1,CP1,2) -> 0 | CS2: ="クライアント名"&CS$1 -> クライアント名225 | CT2: =OFFSET(Gemini抽出データ!$A$1,CS1,2) -> 0 | CV2: ="クライアント名"&CV$1 -> クライアント名226 | CW2: =OFFSET(Gemini抽出データ!$A$1,CV1,2) -> 0 | CY2: ="クライアント名"&CY$1 -> クライアント名227 | CZ2: =OFFSET(Gemini抽出データ!$A$1,CY1,2) -> 0 | DB2: ="クライアント名"&DB$1 -> クライアント名228 | DC2: =OFFSET(Gemini抽出データ!$A$1,DB1,2) -> 0 | DE2: ="クライアント名"&DE$1 -> クライアント名253 | DF2: =OFFSET(Gemini抽出データ!$A$1,DE1,2) -> 0 | DH2: ="クライアント名"&DH$1 -> クライアント名254 | DI2: =OFFSET(Gemini抽出データ!$A$1,DH1,2) -> 0 | DK2: ="クライアント名"&DK$1 -> クライアント名255 | DL2: =OFFSET(Gemini抽出データ!$A$1,DK1,2) -> 0 | DN2: ="クライアント名"&DN$1 -> クライアント名256 | DO2: =OFFSET(Gemini抽出データ!$A$1,DN1,2) -> 0 | DQ2: ="クライアント名"&DQ$1 -> クライアント名281 | DR2: =OFFSET(Gemini抽出データ!$A$1,DQ1,2) -> 0 | DT2: ="クライアント名"&DT$1 -> クライアント名282 | DU2: =OFFSET(Gemini抽出データ!$A$1,DT1,2) -> 0 | DW2: ="クライアント名"&DW$1 -> クライアント名283 | DX2: =OFFSET(Gemini抽出データ!$A$1,DW1,2) -> 0 | DZ2: ="クライアント名"&DZ$1 -> クライアント名284 | EA2: =OFFSET(Gemini抽出データ!$A$1,DZ1,2) -> 0 | EC2: ="クライアント名"&EC$1 -> クライアント名309 | ED2: =OFFSET(Gemini抽出データ!$A$1,EC1,2) -> 0 | EF2: ="クライアント名"&EF$1 -> クライアント名310 | EG2: =OFFSET(Gemini抽出データ!$A$1,EF1,2) -> 0 | EI2: ="クライアント名"&EI$1 -> クライアント名311 | EJ2: =OFFSET(Gemini抽出データ!$A$1,EI1,2) -> 0 | EL2: ="クライアント名"&EL$1 -> クライアント名312 | EM2: =OFFSET(Gemini抽出データ!$A$1,EL1,2) -> 0 | EO2: ="クライアント名"&EO$1 -> クライアント名337 | EP2: =OFFSET(Gemini抽出データ!$A$1,EO1,2) -> 0 | ER2: ="クライアント名"&ER$1 -> クライアント名338 | ES2: =OFFSET(Gemini抽出データ!$A$1,ER1,2) -> 0 | EU2: ="クライアント名"&EU$1 -> クライアント名339 | EV2: =OFFSET(Gemini抽出データ!$A$1,EU1,2) -> 0 | EX2: ="クライアント名"&EX$1 -> クライアント名340 | EY2: =OFFSET(Gemini抽出データ!$A$1,EX1,2) -> 0 | FA2: ="クライアント名"&FA$1 -> クライアント名365 | FB2: =OFFSET(Gemini抽出データ!$A$1,FA1,2) -> 0 | FD2: ="クライアント名"&FD$1 -> クライアント名366 | FE2: =OFFSET(Gemini抽出データ!$A$1,FD1,2) -> 0 | FG2: ="クライアント名"&FG$1 -> クライアント名367 | FH2: =OFFSET(Gemini抽出データ!$A$1,FG1,2) -> 0 | FJ2: ="クライアント名"&FJ$1 -> クライアント名368 | FK2: =OFFSET(Gemini抽出データ!$A$1,FJ1,2) -> 0 | FM2: ="クライアント名"&FM$1 -> クライアント名393 | FN2: =OFFSET(Gemini抽出データ!$A$1,FM1,2) -> 0 | FP2: ="クライアント名"&FP$1 -> クライアント名394 | FQ2: =OFFSET(Gemini抽出データ!$A$1,FP1,2) -> 0 | FS2: ="クライアント名"&FS$1 -> クライアント名395 | FT2: =OFFSET(Gemini抽出データ!$A$1,FS1,2) -> 0 | FV2: ="クライアント名"&FV$1 -> クライアント名396 | FW2: =OFFSET(Gemini抽出データ!$A$1,FV1,2) -> 0 | FY2: ="クライアント名"&FY$1 -> クライアント名421 | FZ2: =OFFSET(Gemini抽出データ!$A$1,FY1,2) -> 0 | GB2: ="クライアント名"&GB$1 -> クライアント名422 | GC2: =OFFSET(Gemini抽出データ!$A$1,GB1,2) -> 0 | GE2: ="クライアント名"&GE$1 -> クライアント名423 | GF2: =OFFSET(Gemini抽出データ!$A$1,GE1,2) -> 0 | GH2: ="クライアント名"&GH$1 -> クライアント名424 | GI2: =OFFSET(Gemini抽出データ!$A$1,GH1,2) -> 0 | GK2: ="クライアント名"&GK$1 -> クライアント名449 | GL2: =OFFSET(Gemini抽出データ!$A$1,GK1,2) -> 0 | GN2: ="クライアント名"&GN$1 -> クライアント名450 | GO2: =OFFSET(Gemini抽出データ!$A$1,GN1,2) -> 0 | GQ2: ="クライアント名"&GQ$1 -> クライアント名451 | GR2: =OFFSET(Gemini抽出データ!$A$1,GQ1,2) -> 0 | GT2: ="クライアント名"&GT$1 -> クライアント名452 | GU2: =OFFSET(Gemini抽出データ!$A$1,GT1,2) -> 0 | GW2: ="クライアント名"&GW$1 -> クライアント名477 | GX2: =OFFSET(Gemini抽出データ!$A$1,GW1,2) -> 0 | GZ2: ="クライアント名"&GZ$1 -> クライアント名478 | HA2: =OFFSET(Gemini抽出データ!$A$1,GZ1,2) -> 0 | HC2: ="クライアント名"&HC$1 -> クライアント名479 | HD2: =OFFSET(Gemini抽出データ!$A$1,HC1,2) -> 0 | HF2: ="クライアント名"&HF$1 -> クライアント名480 | HG2: =OFFSET(Gemini抽出データ!$A$1,HF1,2) -> 0 | HI2: ="クライアント名"&HI$1 -> クライアント名505 | HJ2: =OFFSET(Gemini抽出データ!$A$1,HI1,2) -> 0 | HL2: ="クライアント名"&HL$1 -> クライアント名506 | HM2: =OFFSET(Gemini抽出データ!$A$1,HL1,2) -> 0 | HO2: ="クライアント名"&HO$1 -> クライアント名507 | HP2: =OFFSET(Gemini抽出データ!$A$1,HO1,2) -> 0 | HR2: ="クライアント名"&HR$1 -> クライアント名508 | HS2: =OFFSET(Gemini抽出データ!$A$1,HR1,2) -> 0 | HU2: =OFFSET(Gemini抽出データ!$A$1,#REF!,2) -> #REF!
A3: ="種類"&A$1 -> 種類1 | B3: =IF(OFFSET(Gemini抽出データ!$A$1,A1,1)=0,"",OFFSET(Gemini抽出データ!$A$1,A1,1)) | D3: ="学年"&D$1 -> 学年2 | E3: =IF(OFFSET(Gemini抽出データ!$A$1,D1,1)=0,"",OFFSET(Gemini抽出データ!$A$1,D1,1)) | G3: ="学年"&G$1 -> 学年3 | H3: =IF(OFFSET(Gemini抽出データ!$A$1,G1,1)=0,"",OFFSET(Gemini抽出データ!$A$1,G1,1)) | J3: ="学年"&J$1 -> 学年4 | K3: =IF(OFFSET(Gemini抽出データ!$A$1,J1,1)=0,"",OFFSET(Gemini抽出データ!$A$1,J1,1)) | M3: ="種類"&M$1 -> 種類29 | N3: =IF(OFFSET(Gemini抽出データ!$A$1,M1,1)=0,"",OFFSET(Gemini抽出データ!$A$1,M1,1)) | P3: ="学年"&P$1 -> 学年30 | Q3: =IF(OFFSET(Gemini抽出データ!$A$1,P1,1)=0,"",OFFSET(Gemini抽出データ!$A$1,P1,1)) | S3: ="学年"&S$1 -> 学年31 | T3: =IF(OFFSET(Gemini抽出データ!$A$1,S1,1)=0,"",OFFSET(Gemini抽出データ!$A$1,S1,1)) | V3: ="学年"&V$1 -> 学年32 | W3: =IF(OFFSET(Gemini抽出データ!$A$1,V1,1)=0,"",OFFSET(Gemini抽出データ!$A$1,V1,1)) | Y3: ="種類"&Y$1 -> 種類57 | Z3: =IF(OFFSET(Gemini抽出データ!$A$1,Y1,1)=0,"",OFFSET(Gemini抽出データ!$A$1,Y1,1)) | AB3: ="学年"&AB$1 -> 学年58 | AC3: =IF(OFFSET(Gemini抽出データ!$A$1,AB1,1)=0,"",OFFSET(Gemini抽出データ!$A$1,AB1,1)) | AE3: ="学年"&AE$1 -> 学年59 | AF3: =IF(OFFSET(Gemini抽出データ!$A$1,AE1,1)=0,"",OFFSET(Gemini抽出データ!$A$1,AE1,1)) | AH3: ="学年"&AH$1 -> 学年60 | AI3: =IF(OFFSET(Gemini抽出データ!$A$1,AH1,1)=0,"",OFFSET(Gemini抽出データ!$A$1,AH1,1)) | AK3: ="種類"&AK$1 -> 種類85 | AL3: =IF(OFFSET(Gemini抽出データ!$A$1,AK1,1)=0,"",OFFSET(Gemini抽出データ!$A$1,AK1,1)) | AN3: ="学年"&AN$1 -> 学年86 | AO3: =IF(OFFSET(Gemini抽出データ!$A$1,AN1,1)=0,"",OFFSET(Gemini抽出データ!$A$1,AN1,1)) | AQ3: ="学年"&AQ$1 -> 学年87 | AR3: =IF(OFFSET(Gemini抽出データ!$A$1,AQ1,1)=0,"",OFFSET(Gemini抽出データ!$A$1,AQ1,1)) | AT3: ="学年"&AT$1 -> 学年88 | AU3: =IF(OFFSET(Gemini抽出データ!$A$1,AT1,1)=0,"",OFFSET(Gemini抽出データ!$A$1,AT1,1)) | AW3: ="種類"&AW$1 -> 種類113 | AX3: =IF(OFFSET(Gemini抽出データ!$A$1,AW1,1)=0,"",OFFSET(Gemini抽出データ!$A$1,AW1,1)) | AZ3: ="学年"&AZ$1 -> 学年114 | BA3: =IF(OFFSET(Gemini抽出データ!$A$1,AZ1,1)=0,"",OFFSET(Gemini抽出データ!$A$1,AZ1,1)) | BC3: ="学年"&BC$1 -> 学年115 | BD3: =IF(OFFSET(Gemini抽出データ!$A$1,BC1,1)=0,"",OFFSET(Gemini抽出データ!$A$1,BC1,1)) | BF3: ="学年"&BF$1 -> 学年116 | BG3: =IF(OFFSET(Gemini抽出データ!$A$1,BF1,1)=0,"",OFFSET(Gemini抽出データ!$A$1,BF1,1)) | BI3: ="種類"&BI$1 -> 種類141 | BJ3: =IF(OFFSET(Gemini抽出データ!$A$1,BI1,1)=0,"",OFFSET(Gemini抽出データ!$A$1,BI1,1)) | BL3: ="学年"&BL$1 -> 学年142 | BM3: =IF(OFFSET(Gemini抽出データ!$A$1,BL1,1)=0,"",OFFSET(Gemini抽出データ!$A$1,BL1,1)) | BO3: ="学年"&BO$1 -> 学年143 | BP3: =IF(OFFSET(Gemini抽出データ!$A$1,BO1,1)=0,"",OFFSET(Gemini抽出データ!$A$1,BO1,1)) | BR3: ="学年"&BR$1 -> 学年144 | BS3: =IF(OFFSET(Gemini抽出データ!$A$1,BR1,1)=0,"",OFFSET(Gemini抽出データ!$A$1,BR1,1)) | BU3: ="種類"&BU$1 -> 種類169 | BV3: =IF(OFFSET(Gemini抽出データ!$A$1,BU1,1)=0,"",OFFSET(Gemini抽出データ!$A$1,BU1,1)) | BX3: ="学年"&BX$1 -> 学年170 | BY3: =IF(OFFSET(Gemini抽出データ!$A$1,BX1,1)=0,"",OFFSET(Gemini抽出データ!$A$1,BX1,1)) | CA3: ="学年"&CA$1 -> 学年171 | CB3: =IF(OFFSET(Gemini抽出データ!$A$1,CA1,1)=0,"",OFFSET(Gemini抽出データ!$A$1,CA1,1)) | CD3: ="学年"&CD$1 -> 学年172 | CE3: =IF(OFFSET(Gemini抽出データ!$A$1,CD1,1)=0,"",OFFSET(Gemini抽出データ!$A$1,CD1,1)) | CG3: ="種類"&CG$1 -> 種類197 | CH3: =IF(OFFSET(Gemini抽出データ!$A$1,CG1,1)=0,"",OFFSET(Gemini抽出データ!$A$1,CG1,1)) | CJ3: ="学年"&CJ$1 -> 学年198 | CK3: =IF(OFFSET(Gemini抽出データ!$A$1,CJ1,1)=0,"",OFFSET(Gemini抽出データ!$A$1,CJ1,1)) | CM3: ="学年"&CM$1 -> 学年199 | CN3: =IF(OFFSET(Gemini抽出データ!$A$1,CM1,1)=0,"",OFFSET(Gemini抽出データ!$A$1,CM1,1)) | CP3: ="学年"&CP$1 -> 学年200 | CQ3: =IF(OFFSET(Gemini抽出データ!$A$1,CP1,1)=0,"",OFFSET(Gemini抽出データ!$A$1,CP1,1)) | CS3: ="種類"&CS$1 -> 種類225 | CT3: =IF(OFFSET(Gemini抽出データ!$A$1,CS1,1)=0,"",OFFSET(Gemini抽出データ!$A$1,CS1,1)) | CV3: ="学年"&CV$1 -> 学年226 | CW3: =IF(OFFSET(Gemini抽出データ!$A$1,CV1,1)=0,"",OFFSET(Gemini抽出データ!$A$1,CV1,1)) | CY3: ="学年"&CY$1 -> 学年227 | CZ3: =IF(OFFSET(Gemini抽出データ!$A$1,CY1,1)=0,"",OFFSET(Gemini抽出データ!$A$1,CY1,1)) | DB3: ="学年"&DB$1 -> 学年228 | DC3: =IF(OFFSET(Gemini抽出データ!$A$1,DB1,1)=0,"",OFFSET(Gemini抽出データ!$A$1,DB1,1)) | DE3: ="種類"&DE$1 -> 種類253 | DF3: =IF(OFFSET(Gemini抽出データ!$A$1,DE1,1)=0,"",OFFSET(Gemini抽出データ!$A$1,DE1,1)) | DH3: ="学年"&DH$1 -> 学年254 | DI3: =IF(OFFSET(Gemini抽出データ!$A$1,DH1,1)=0,"",OFFSET(Gemini抽出データ!$A$1,DH1,1)) | DK3: ="学年"&DK$1 -> 学年255 | DL3: =IF(OFFSET(Gemini抽出データ!$A$1,DK1,1)=0,"",OFFSET(Gemini抽出データ!$A$1,DK1,1)) | DN3: ="学年"&DN$1 -> 学年256 | DO3: =IF(OFFSET(Gemini抽出データ!$A$1,DN1,1)=0,"",OFFSET(Gemini抽出データ!$A$1,DN1,1)) | DQ3: ="種類"&DQ$1 -> 種類281 | DR3: =IF(OFFSET(Gemini抽出データ!$A$1,DQ1,1)=0,"",OFFSET(Gemini抽出データ!$A$1,DQ1,1)) | DT3: ="学年"&DT$1 -> 学年282 | DU3: =IF(OFFSET(Gemini抽出データ!$A$1,DT1,1)=0,"",OFFSET(Gemini抽出データ!$A$1,DT1,1)) | DW3: ="学年"&DW$1 -> 学年283 | DX3: =IF(OFFSET(Gemini抽出データ!$A$1,DW1,1)=0,"",OFFSET(Gemini抽出データ!$A$1,DW1,1)) | DZ3: ="学年"&DZ$1 -> 学年284 | EA3: =IF(OFFSET(Gemini抽出データ!$A$1,DZ1,1)=0,"",OFFSET(Gemini抽出データ!$A$1,DZ1,1)) | EC3: ="種類"&EC$1 -> 種類309 | ED3: =IF(OFFSET(Gemini抽出データ!$A$1,EC1,1)=0,"",OFFSET(Gemini抽出データ!$A$1,EC1,1)) | EF3: ="学年"&EF$1 -> 学年310 | EG3: =IF(OFFSET(Gemini抽出データ!$A$1,EF1,1)=0,"",OFFSET(Gemini抽出データ!$A$1,EF1,1)) | EI3: ="学年"&EI$1 -> 学年311 | EJ3: =IF(OFFSET(Gemini抽出データ!$A$1,EI1,1)=0,"",OFFSET(Gemini抽出データ!$A$1,EI1,1)) | EL3: ="学年"&EL$1 -> 学年312 | EM3: =IF(OFFSET(Gemini抽出データ!$A$1,EL1,1)=0,"",OFFSET(Gemini抽出データ!$A$1,EL1,1)) | EO3: ="種類"&EO$1 -> 種類337 | EP3: =IF(OFFSET(Gemini抽出データ!$A$1,EO1,1)=0,"",OFFSET(Gemini抽出データ!$A$1,EO1,1)) | ER3: ="学年"&ER$1 -> 学年338 | ES3: =IF(OFFSET(Gemini抽出データ!$A$1,ER1,1)=0,"",OFFSET(Gemini抽出データ!$A$1,ER1,1)) | EU3: ="学年"&EU$1 -> 学年339 | EV3: =IF(OFFSET(Gemini抽出データ!$A$1,EU1,1)=0,"",OFFSET(Gemini抽出データ!$A$1,EU1,1)) | EX3: ="学年"&EX$1 -> 学年340 | EY3: =IF(OFFSET(Gemini抽出データ!$A$1,EX1,1)=0,"",OFFSET(Gemini抽出データ!$A$1,EX1,1)) | FA3: ="種類"&FA$1 -> 種類365 | FB3: =IF(OFFSET(Gemini抽出データ!$A$1,FA1,1)=0,"",OFFSET(Gemini抽出データ!$A$1,FA1,1)) | FD3: ="学年"&FD$1 -> 学年366 | FE3: =IF(OFFSET(Gemini抽出データ!$A$1,FD1,1)=0,"",OFFSET(Gemini抽出データ!$A$1,FD1,1)) | FG3: ="学年"&FG$1 -> 学年367 | FH3: =IF(OFFSET(Gemini抽出データ!$A$1,FG1,1)=0,"",OFFSET(Gemini抽出データ!$A$1,FG1,1)) | FJ3: ="学年"&FJ$1 -> 学年368 | FK3: =IF(OFFSET(Gemini抽出データ!$A$1,FJ1,1)=0,"",OFFSET(Gemini抽出データ!$A$1,FJ1,1)) | FM3: ="種類"&FM$1 -> 種類393 | FN3: =IF(OFFSET(Gemini抽出データ!$A$1,FM1,1)=0,"",OFFSET(Gemini抽出データ!$A$1,FM1,1)) | FP3: ="学年"&FP$1 -> 学年394 | FQ3: =IF(OFFSET(Gemini抽出データ!$A$1,FP1,1)=0,"",OFFSET(Gemini抽出データ!$A$1,FP1,1)) | FS3: ="学年"&FS$1 -> 学年395 | FT3: =IF(OFFSET(Gemini抽出データ!$A$1,FS1,1)=0,"",OFFSET(Gemini抽出データ!$A$1,FS1,1)) | FV3: ="学年"&FV$1 -> 学年396 | FW3: =IF(OFFSET(Gemini抽出データ!$A$1,FV1,1)=0,"",OFFSET(Gemini抽出データ!$A$1,FV1,1)) | FY3: ="種類"&FY$1 -> 種類421 | FZ3: =IF(OFFSET(Gemini抽出データ!$A$1,FY1,1)=0,"",OFFSET(Gemini抽出データ!$A$1,FY1,1)) | GB3: ="学年"&GB$1 -> 学年422 | GC3: =IF(OFFSET(Gemini抽出データ!$A$1,GB1,1)=0,"",OFFSET(Gemini抽出データ!$A$1,GB1,1)) | GE3: ="学年"&GE$1 -> 学年423 | GF3: =IF(OFFSET(Gemini抽出データ!$A$1,GE1,1)=0,"",OFFSET(Gemini抽出データ!$A$1,GE1,1)) | GH3: ="学年"&GH$1 -> 学年424 | GI3: =IF(OFFSET(Gemini抽出データ!$A$1,GH1,1)=0,"",OFFSET(Gemini抽出データ!$A$1,GH1,1)) | GK3: ="種類"&GK$1 -> 種類449 | GL3: =IF(OFFSET(Gemini抽出データ!$A$1,GK1,1)=0,"",OFFSET(Gemini抽出データ!$A$1,GK1,1)) | GN3: ="学年"&GN$1 -> 学年450 | GO3: =IF(OFFSET(Gemini抽出データ!$A$1,GN1,1)=0,"",OFFSET(Gemini抽出データ!$A$1,GN1,1)) | GQ3: ="学年"&GQ$1 -> 学年451 | GR3: =IF(OFFSET(Gemini抽出データ!$A$1,GQ1,1)=0,"",OFFSET(Gemini抽出データ!$A$1,GQ1,1)) | GT3: ="学年"&GT$1 -> 学年452 | GU3: =IF(OFFSET(Gemini抽出データ!$A$1,GT1,1)=0,"",OFFSET(Gemini抽出データ!$A$1,GT1,1)) | GW3: ="種類"&GW$1 -> 種類477 | GX3: =IF(OFFSET(Gemini抽出データ!$A$1,GW1,1)=0,"",OFFSET(Gemini抽出データ!$A$1,GW1,1)) | GZ3: ="学年"&GZ$1 -> 学年478 | HA3: =IF(OFFSET(Gemini抽出データ!$A$1,GZ1,1)=0,"",OFFSET(Gemini抽出データ!$A$1,GZ1,1)) | HC3: ="学年"&HC$1 -> 学年479 | HD3: =IF(OFFSET(Gemini抽出データ!$A$1,HC1,1)=0,"",OFFSET(Gemini抽出データ!$A$1,HC1,1)) | HF3: ="学年"&HF$1 -> 学年480 | HG3: =IF(OFFSET(Gemini抽出データ!$A$1,HF1,1)=0,"",OFFSET(Gemini抽出データ!$A$1,HF1,1)) | HI3: ="種類"&HI$1 -> 種類505 | HJ3: =IF(OFFSET(Gemini抽出データ!$A$1,HI1,1)=0,"",OFFSET(Gemini抽出データ!$A$1,HI1,1)) | HL3: ="学年"&HL$1 -> 学年506 | HM3: =IF(OFFSET(Gemini抽出データ!$A$1,HL1,1)=0,"",OFFSET(Gemini抽出データ!$A$1,HL1,1)) | HO3: ="学年"&HO$1 -> 学年507 | HP3: =IF(OFFSET(Gemini抽出データ!$A$1,HO1,1)=0,"",OFFSET(Gemini抽出データ!$A$1,HO1,1)) | HR3: ="学年"&HR$1 -> 学年508 | HS3: =IF(OFFSET(Gemini抽出データ!$A$1,HR1,1)=0,"",OFFSET(Gemini抽出データ!$A$1,HR1,1)) | HU3: =IF(OFFSET(Gemini抽出データ!$A$1,#REF!,1)=0,"",OFFSET(Gemini抽出データ!$A$1,#REF!,1)) -> #REF!
A4: ="学年"&A$1 -> 学年1 | M4: ="学年"&M$1 -> 学年29 | Y4: ="学年"&Y$1 -> 学年57 | AK4: ="学年"&AK$1 -> 学年85 | AW4: ="学年"&AW$1 -> 学年113 | BI4: ="学年"&BI$1 -> 学年141 | BU4: ="学年"&BU$1 -> 学年169 | CG4: ="学年"&CG$1 -> 学年197 | CS4: ="学年"&CS$1 -> 学年225 | DE4: ="学年"&DE$1 -> 学年253 | DQ4: ="学年"&DQ$1 -> 学年281 | EC4: ="学年"&EC$1 -> 学年309 | EO4: ="学年"&EO$1 -> 学年337 | FA4: ="学年"&FA$1 -> 学年365 | FM4: ="学年"&FM$1 -> 学年393 | FY4: ="学年"&FY$1 -> 学年421 | GK4: ="学年"&GK$1 -> 学年449 | GW4: ="学年"&GW$1 -> 学年477 | HI4: ="学年"&HI$1 -> 学年505
B5: =OFFSET(Gemini抽出データ!$A$1,A1,3) -> 0 | E5: =OFFSET(Gemini抽出データ!$A$1,D1,3) -> 0 | H5: =OFFSET(Gemini抽出データ!$A$1,G1,3) -> 0 | K5: =OFFSET(Gemini抽出データ!$A$1,J1,3) -> 0 | N5: =OFFSET(Gemini抽出データ!$A$1,M1,3) -> 0 | Q5: =OFFSET(Gemini抽出データ!$A$1,P1,3) -> 0 | T5: =OFFSET(Gemini抽出データ!$A$1,S1,3) -> 0 | W5: =OFFSET(Gemini抽出データ!$A$1,V1,3) -> 0 | Z5: =OFFSET(Gemini抽出データ!$A$1,Y1,3) -> 0 | AC5: =OFFSET(Gemini抽出データ!$A$1,AB1,3) -> 0 | AF5: =OFFSET(Gemini抽出データ!$A$1,AE1,3) -> 0 | AI5: =OFFSET(Gemini抽出データ!$A$1,AH1,3) -> 0 | AL5: =OFFSET(Gemini抽出データ!$A$1,AK1,3) -> 0 | AO5: =OFFSET(Gemini抽出データ!$A$1,AN1,3) -> 0 | AR5: =OFFSET(Gemini抽出データ!$A$1,AQ1,3) -> 0 | AU5: =OFFSET(Gemini抽出データ!$A$1,AT1,3) -> 0 | AX5: =OFFSET(Gemini抽出データ!$A$1,AW1,3) -> 0 | BA5: =OFFSET(Gemini抽出データ!$A$1,AZ1,3) -> 0 | BD5: =OFFSET(Gemini抽出データ!$A$1,BC1,3) -> 0 | BG5: =OFFSET(Gemini抽出データ!$A$1,BF1,3) -> 0 | BJ5: =OFFSET(Gemini抽出データ!$A$1,BI1,3) -> 0 | BM5: =OFFSET(Gemini抽出データ!$A$1,BL1,3) -> 0 | BP5: =OFFSET(Gemini抽出データ!$A$1,BO1,3) -> 0 | BS5: =OFFSET(Gemini抽出データ!$A$1,BR1,3) -> 0 | BV5: =OFFSET(Gemini抽出データ!$A$1,BU1,3) -> 0 | BY5: =OFFSET(Gemini抽出データ!$A$1,BX1,3) -> 0 | CB5: =OFFSET(Gemini抽出データ!$A$1,CA1,3) -> 0 | CE5: =OFFSET(Gemini抽出データ!$A$1,CD1,3) -> 0 | CH5: =OFFSET(Gemini抽出データ!$A$1,CG1,3) -> 0 | CK5: =OFFSET(Gemini抽出データ!$A$1,CJ1,3) -> 0 | CN5: =OFFSET(Gemini抽出データ!$A$1,CM1,3) -> 0 | CQ5: =OFFSET(Gemini抽出データ!$A$1,CP1,3) -> 0 | CT5: =OFFSET(Gemini抽出データ!$A$1,CS1,3) -> 0 | CW5: =OFFSET(Gemini抽出データ!$A$1,CV1,3) -> 0 | CZ5: =OFFSET(Gemini抽出データ!$A$1,CY1,3) -> 0 | DC5: =OFFSET(Gemini抽出データ!$A$1,DB1,3) -> 0 | DF5: =OFFSET(Gemini抽出データ!$A$1,DE1,3) -> 0 | DI5: =OFFSET(Gemini抽出データ!$A$1,DH1,3) -> 0 | DL5: =OFFSET(Gemini抽出データ!$A$1,DK1,3) -> 0 | DO5: =OFFSET(Gemini抽出データ!$A$1,DN1,3) -> 0 | DR5: =OFFSET(Gemini抽出データ!$A$1,DQ1,3) -> 0 | DU5: =OFFSET(Gemini抽出データ!$A$1,DT1,3) -> 0 | DX5: =OFFSET(Gemini抽出データ!$A$1,DW1,3) -> 0 | EA5: =OFFSET(Gemini抽出データ!$A$1,DZ1,3) -> 0 | ED5: =OFFSET(Gemini抽出データ!$A$1,EC1,3) -> 0 | EG5: =OFFSET(Gemini抽出データ!$A$1,EF1,3) -> 0 | EJ5: =OFFSET(Gemini抽出データ!$A$1,EI1,3) -> 0 | EM5: =OFFSET(Gemini抽出データ!$A$1,EL1,3) -> 0 | EP5: =OFFSET(Gemini抽出データ!$A$1,EO1,3) -> 0 | ES5: =OFFSET(Gemini抽出データ!$A$1,ER1,3) -> 0 | EV5: =OFFSET(Gemini抽出データ!$A$1,EU1,3) -> 0 | EY5: =OFFSET(Gemini抽出データ!$A$1,EX1,3) -> 0 | FB5: =OFFSET(Gemini抽出データ!$A$1,FA1,3) -> 0 | FE5: =OFFSET(Gemini抽出データ!$A$1,FD1,3) -> 0 | FH5: =OFFSET(Gemini抽出データ!$A$1,FG1,3) -> 0 | FK5: =OFFSET(Gemini抽出データ!$A$1,FJ1,3) -> 0 | FN5: =OFFSET(Gemini抽出データ!$A$1,FM1,3) -> 0 | FQ5: =OFFSET(Gemini抽出データ!$A$1,FP1,3) -> 0 | FT5: =OFFSET(Gemini抽出データ!$A$1,FS1,3) -> 0 | FW5: =OFFSET(Gemini抽出データ!$A$1,FV1,3) -> 0 | FZ5: =OFFSET(Gemini抽出データ!$A$1,FY1,3) -> 0 | GC5: =OFFSET(Gemini抽出データ!$A$1,GB1,3) -> 0 | GF5: =OFFSET(Gemini抽出データ!$A$1,GE1,3) -> 0 | GI5: =OFFSET(Gemini抽出データ!$A$1,GH1,3) -> 0 | GL5: =OFFSET(Gemini抽出データ!$A$1,GK1,3) -> 0 | GO5: =OFFSET(Gemini抽出データ!$A$1,GN1,3) -> 0 | GR5: =OFFSET(Gemini抽出データ!$A$1,GQ1,3) -> 0 | GU5: =OFFSET(Gemini抽出データ!$A$1,GT1,3) -> 0 | GX5: =OFFSET(Gemini抽出データ!$A$1,GW1,3) -> 0 | HA5: =OFFSET(Gemini抽出データ!$A$1,GZ1,3) -> 0 | HD5: =OFFSET(Gemini抽出データ!$A$1,HC1,3) -> 0 | HG5: =OFFSET(Gemini抽出データ!$A$1,HF1,3) -> 0 | HJ5: =OFFSET(Gemini抽出データ!$A$1,HI1,3) -> 0 | HM5: =OFFSET(Gemini抽出データ!$A$1,HL1,3) -> 0 | HP5: =OFFSET(Gemini抽出データ!$A$1,HO1,3) -> 0 | HS5: =OFFSET(Gemini抽出データ!$A$1,HR1,3) -> 0 | HU5: =OFFSET(Gemini抽出データ!$A$1,#REF!,3) -> #REF!
D6: ="クラス"&D$1 -> クラス2 | G6: ="クラス"&G$1 -> クラス3 | J6: ="クラス"&J$1 -> クラス4 | P6: ="クラス"&P$1 -> クラス30 | S6: ="クラス"&S$1 -> クラス31 | V6: ="クラス"&V$1 -> クラス32 | AB6: ="クラス"&AB$1 -> クラス58 | AE6: ="クラス"&AE$1 -> クラス59 | AH6: ="クラス"&AH$1 -> クラス60 | AN6: ="クラス"&AN$1 -> クラス86 | AQ6: ="クラス"&AQ$1 -> クラス87 | AT6: ="クラス"&AT$1 -> クラス88 | AZ6: ="クラス"&AZ$1 -> クラス114 | BC6: ="クラス"&BC$1 -> クラス115 | BF6: ="クラス"&BF$1 -> クラス116 | BL6: ="クラス"&BL$1 -> クラス142 | BO6: ="クラス"&BO$1 -> クラス143 | BR6: ="クラス"&BR$1 -> クラス144 | BX6: ="クラス"&BX$1 -> クラス170 | CA6: ="クラス"&CA$1 -> クラス171 | CD6: ="クラス"&CD$1 -> クラス172 | CJ6: ="クラス"&CJ$1 -> クラス198 | CM6: ="クラス"&CM$1 -> クラス199 | CP6: ="クラス"&CP$1 -> クラス200 | CV6: ="クラス"&CV$1 -> クラス226 | CY6: ="クラス"&CY$1 -> クラス227 | DB6: ="クラス"&DB$1 -> クラス228 | DH6: ="クラス"&DH$1 -> クラス254 | DK6: ="クラス"&DK$1 -> クラス255 | DN6: ="クラス"&DN$1 -> クラス256 | DT6: ="クラス"&DT$1 -> クラス282 | DW6: ="クラス"&DW$1 -> クラス283 | DZ6: ="クラス"&DZ$1 -> クラス284 | EF6: ="クラス"&EF$1 -> クラス310 | EI6: ="クラス"&EI$1 -> クラス311 | EL6: ="クラス"&EL$1 -> クラス312 | ER6: ="クラス"&ER$1 -> クラス338 | EU6: ="クラス"&EU$1 -> クラス339 | EX6: ="クラス"&EX$1 -> クラス340 | FD6: ="クラス"&FD$1 -> クラス366 | FG6: ="クラス"&FG$1 -> クラス367 | FJ6: ="クラス"&FJ$1 -> クラス368 | FP6: ="クラス"&FP$1 -> クラス394 | FS6: ="クラス"&FS$1 -> クラス395 | FV6: ="クラス"&FV$1 -> クラス396 | GB6: ="クラス"&GB$1 -> クラス422 | GE6: ="クラス"&GE$1 -> クラス423 | GH6: ="クラス"&GH$1 -> クラス424 | GN6: ="クラス"&GN$1 -> クラス450 | GQ6: ="クラス"&GQ$1 -> クラス451 | GT6: ="クラス"&GT$1 -> クラス452 | GZ6: ="クラス"&GZ$1 -> クラス478 | HC6: ="クラス"&HC$1 -> クラス479 | HF6: ="クラス"&HF$1 -> クラス480 | HL6: ="クラス"&HL$1 -> クラス506 | HO6: ="クラス"&HO$1 -> クラス507 | HR6: ="クラス"&HR$1 -> クラス508
B7: =OFFSET(Gemini抽出データ!$A$1,A1,4) -> 0 | C7: =IF(OFFSET(Gemini抽出データ!$A$1,A1,5)=0,"",OFFSET(Gemini抽出データ!$A$1,A1,5)) | D7: =A7 -> 0 | E7: =OFFSET(Gemini抽出データ!$A$1,D1,4) -> 0 | F7: =IF(OFFSET(Gemini抽出データ!$A$1,D1,5)=0,"",OFFSET(Gemini抽出データ!$A$1,D1,5)) | G7: =A7 -> 0 | H7: =OFFSET(Gemini抽出データ!$A$1,G1,4) -> 0 | I7: =IF(OFFSET(Gemini抽出データ!$A$1,G1,5)=0,"",OFFSET(Gemini抽出データ!$A$1,G1,5)) | J7: =G7 -> 0 | K7: =OFFSET(Gemini抽出データ!$A$1,J1,4) -> 0 | L7: =IF(OFFSET(Gemini抽出データ!$A$1,J1,5)=0,"",OFFSET(Gemini抽出データ!$A$1,J1,5)) | N7: =OFFSET(Gemini抽出データ!$A$1,M1,4) -> 0 | O7: =IF(OFFSET(Gemini抽出データ!$A$1,M1,5)=0,"",OFFSET(Gemini抽出データ!$A$1,M1,5)) | P7: =M7 -> 0 | Q7: =OFFSET(Gemini抽出データ!$A$1,P1,4) -> 0 | R7: =IF(OFFSET(Gemini抽出データ!$A$1,P1,5)=0,"",OFFSET(Gemini抽出データ!$A$1,P1,5)) | S7: =M7 -> 0 | T7: =OFFSET(Gemini抽出データ!$A$1,S1,4) -> 0 | U7: =IF(OFFSET(Gemini抽出データ!$A$1,S1,5)=0,"",OFFSET(Gemini抽出データ!$A$1,S1,5)) | V7: =S7 -> 0 | W7: =OFFSET(Gemini抽出データ!$A$1,V1,4) -> 0 | X7: =IF(OFFSET(Gemini抽出データ!$A$1,V1,5)=0,"",OFFSET(Gemini抽出データ!$A$1,V1,5)) | Z7: =OFFSET(Gemini抽出データ!$A$1,Y1,4) -> 0 | AA7: =IF(OFFSET(Gemini抽出データ!$A$1,Y1,5)=0,"",OFFSET(Gemini抽出データ!$A$1,Y1,5)) | AB7: =Y7 -> 0 | AC7: =OFFSET(Gemini抽出データ!$A$1,AB1,4) -> 0 | AD7: =IF(OFFSET(Gemini抽出データ!$A$1,AB1,5)=0,"",OFFSET(Gemini抽出データ!$A$1,AB1,5)) | AE7: =Y7 -> 0 | AF7: =OFFSET(Gemini抽出データ!$A$1,AE1,4) -> 0 | AG7: =IF(OFFSET(Gemini抽出データ!$A$1,AE1,5)=0,"",OFFSET(Gemini抽出データ!$A$1,AE1,5)) | AH7: =AE7 -> 0 | AI7: =OFFSET(Gemini抽出データ!$A$1,AH1,4) -> 0 | AJ7: =IF(OFFSET(Gemini抽出データ!$A$1,AH1,5)=0,"",OFFSET(Gemini抽出データ!$A$1,AH1,5)) | AL7: =OFFSET(Gemini抽出データ!$A$1,AK1,4) -> 0 | AM7: =IF(OFFSET(Gemini抽出データ!$A$1,AK1,5)=0,"",OFFSET(Gemini抽出データ!$A$1,AK1,5)) | AN7: =AK7 -> 0 | AO7: =OFFSET(Gemini抽出データ!$A$1,AN1,4) -> 0 | AP7: =IF(OFFSET(Gemini抽出データ!$A$1,AN1,5)=0,"",OFFSET(Gemini抽出データ!$A$1,AN1,5)) | AQ7: =AK7 -> 0 | AR7: =OFFSET(Gemini抽出データ!$A$1,AQ1,4) -> 0 | AS7: =IF(OFFSET(Gemini抽出データ!$A$1,AQ1,5)=0,"",OFFSET(Gemini抽出データ!$A$1,AQ1,5)) | AT7: =AQ7 -> 0 | AU7: =OFFSET(Gemini抽出データ!$A$1,AT1,4) -> 0 | AV7: =IF(OFFSET(Gemini抽出データ!$A$1,AT1,5)=0,"",OFFSET(Gemini抽出データ!$A$1,AT1,5)) | AX7: =OFFSET(Gemini抽出データ!$A$1,AW1,4) -> 0 | AY7: =IF(OFFSET(Gemini抽出データ!$A$1,AW1,5)=0,"",OFFSET(Gemini抽出データ!$A$1,AW1,5)) | AZ7: =AW7 -> 0 | BA7: =OFFSET(Gemini抽出データ!$A$1,AZ1,4) -> 0 | BB7: =IF(OFFSET(Gemini抽出データ!$A$1,AZ1,5)=0,"",OFFSET(Gemini抽出データ!$A$1,AZ1,5)) | BC7: =AW7 -> 0 | BD7: =OFFSET(Gemini抽出データ!$A$1,BC1,4) -> 0 | BE7: =IF(OFFSET(Gemini抽出データ!$A$1,BC1,5)=0,"",OFFSET(Gemini抽出データ!$A$1,BC1,5)) | BF7: =BC7 -> 0 | BG7: =OFFSET(Gemini抽出データ!$A$1,BF1,4) -> 0 | BH7: =IF(OFFSET(Gemini抽出データ!$A$1,BF1,5)=0,"",OFFSET(Gemini抽出データ!$A$1,BF1,5)) | BJ7: =OFFSET(Gemini抽出データ!$A$1,BI1,4) -> 0 | BK7: =IF(OFFSET(Gemini抽出データ!$A$1,BI1,5)=0,"",OFFSET(Gemini抽出データ!$A$1,BI1,5)) | BL7: =BI7 -> 0 | BM7: =OFFSET(Gemini抽出データ!$A$1,BL1,4) -> 0 | BN7: =IF(OFFSET(Gemini抽出データ!$A$1,BL1,5)=0,"",OFFSET(Gemini抽出データ!$A$1,BL1,5)) | BO7: =BI7 -> 0 | BP7: =OFFSET(Gemini抽出データ!$A$1,BO1,4) -> 0 | BQ7: =IF(OFFSET(Gemini抽出データ!$A$1,BO1,5)=0,"",OFFSET(Gemini抽出データ!$A$1,BO1,5)) | BR7: =BO7 -> 0 | BS7: =OFFSET(Gemini抽出データ!$A$1,BR1,4) -> 0 | BT7: =IF(OFFSET(Gemini抽出データ!$A$1,BR1,5)=0,"",OFFSET(Gemini抽出データ!$A$1,BR1,5)) | BV7: =OFFSET(Gemini抽出データ!$A$1,BU1,4) -> 0 | BW7: =IF(OFFSET(Gemini抽出データ!$A$1,BU1,5)=0,"",OFFSET(Gemini抽出データ!$A$1,BU1,5)) | BX7: =BU7 -> 0 | BY7: =OFFSET(Gemini抽出データ!$A$1,BX1,4) -> 0 | BZ7: =IF(OFFSET(Gemini抽出データ!$A$1,BX1,5)=0,"",OFFSET(Gemini抽出データ!$A$1,BX1,5)) | CA7: =BU7 -> 0 | CB7: =OFFSET(Gemini抽出データ!$A$1,CA1,4) -> 0 | CC7: =IF(OFFSET(Gemini抽出データ!$A$1,CA1,5)=0,"",OFFSET(Gemini抽出データ!$A$1,CA1,5)) | CD7: =CA7 -> 0 | CE7: =OFFSET(Gemini抽出データ!$A$1,CD1,4) -> 0 | CF7: =IF(OFFSET(Gemini抽出データ!$A$1,CD1,5)=0,"",OFFSET(Gemini抽出データ!$A$1,CD1,5)) | CH7: =OFFSET(Gemini抽出データ!$A$1,CG1,4) -> 0 | CI7: =IF(OFFSET(Gemini抽出データ!$A$1,CG1,5)=0,"",OFFSET(Gemini抽出データ!$A$1,CG1,5)) | CJ7: =CG7 -> 0 | CK7: =OFFSET(Gemini抽出データ!$A$1,CJ1,4) -> 0 | CL7: =IF(OFFSET(Gemini抽出データ!$A$1,CJ1,5)=0,"",OFFSET(Gemini抽出データ!$A$1,CJ1,5)) | CM7: =CG7 -> 0 | CN7: =OFFSET(Gemini抽出データ!$A$1,CM1,4) -> 0 | CO7: =IF(OFFSET(Gemini抽出データ!$A$1,CM1,5)=0,"",OFFSET(Gemini抽出データ!$A$1,CM1,5)) | CP7: =CM7 -> 0 | CQ7: =OFFSET(Gemini抽出データ!$A$1,CP1,4) -> 0 | CR7: =IF(OFFSET(Gemini抽出データ!$A$1,CP1,5)=0,"",OFFSET(Gemini抽出データ!$A$1,CP1,5)) | CT7: =OFFSET(Gemini抽出データ!$A$1,CS1,4) -> 0 | CU7: =IF(OFFSET(Gemini抽出データ!$A$1,CS1,5)=0,"",OFFSET(Gemini抽出データ!$A$1,CS1,5)) | CV7: =CS7 -> 0 | CW7: =OFFSET(Gemini抽出データ!$A$1,CV1,4) -> 0 | CX7: =IF(OFFSET(Gemini抽出データ!$A$1,CV1,5)=0,"",OFFSET(Gemini抽出データ!$A$1,CV1,5)) | CY7: =CS7 -> 0 | CZ7: =OFFSET(Gemini抽出データ!$A$1,CY1,4) -> 0 | DA7: =IF(OFFSET(Gemini抽出データ!$A$1,CY1,5)=0,"",OFFSET(Gemini抽出データ!$A$1,CY1,5)) | DB7: =CY7 -> 0 | DC7: =OFFSET(Gemini抽出データ!$A$1,DB1,4) -> 0 | DD7: =IF(OFFSET(Gemini抽出データ!$A$1,DB1,5)=0,"",OFFSET(Gemini抽出データ!$A$1,DB1,5)) | DF7: =OFFSET(Gemini抽出データ!$A$1,DE1,4) -> 0 | DG7: =IF(OFFSET(Gemini抽出データ!$A$1,DE1,5)=0,"",OFFSET(Gemini抽出データ!$A$1,DE1,5)) | DH7: =DE7 -> 0 | DI7: =OFFSET(Gemini抽出データ!$A$1,DH1,4) -> 0 | DJ7: =IF(OFFSET(Gemini抽出データ!$A$1,DH1,5)=0,"",OFFSET(Gemini抽出データ!$A$1,DH1,5)) | DK7: =DE7 -> 0 | DL7: =OFFSET(Gemini抽出データ!$A$1,DK1,4) -> 0 | DM7: =IF(OFFSET(Gemini抽出データ!$A$1,DK1,5)=0,"",OFFSET(Gemini抽出データ!$A$1,DK1,5)) | DN7: =DK7 -> 0 | DO7: =OFFSET(Gemini抽出データ!$A$1,DN1,4) -> 0 | DP7: =IF(OFFSET(Gemini抽出データ!$A$1,DN1,5)=0,"",OFFSET(Gemini抽出データ!$A$1,DN1,5)) | DR7: =OFFSET(Gemini抽出データ!$A$1,DQ1,4) -> 0 | DS7: =IF(OFFSET(Gemini抽出データ!$A$1,DQ1,5)=0,"",OFFSET(Gemini抽出データ!$A$1,DQ1,5)) | DT7: =DQ7 -> 0 | DU7: =OFFSET(Gemini抽出データ!$A$1,DT1,4) -> 0 | DV7: =IF(OFFSET(Gemini抽出データ!$A$1,DT1,5)=0,"",OFFSET(Gemini抽出データ!$A$1,DT1,5)) | DW7: =DQ7 -> 0 | DX7: =OFFSET(Gemini抽出データ!$A$1,DW1,4) -> 0 | DY7: =IF(OFFSET(Gemini抽出データ!$A$1,DW1,5)=0,"",OFFSET(Gemini抽出データ!$A$1,DW1,5)) | DZ7: =DW7 -> 0 | EA7: =OFFSET(Gemini抽出データ!$A$1,DZ1,4) -> 0 | EB7: =IF(OFFSET(Gemini抽出データ!$A$1,DZ1,5)=0,"",OFFSET(Gemini抽出データ!$A$1,DZ1,5)) | ED7: =OFFSET(Gemini抽出データ!$A$1,EC1,4) -> 0 | EE7: =IF(OFFSET(Gemini抽出データ!$A$1,EC1,5)=0,"",OFFSET(Gemini抽出データ!$A$1,EC1,5)) | EF7: =EC7 -> 0 | EG7: =OFFSET(Gemini抽出データ!$A$1,EF1,4) -> 0 | EH7: =IF(OFFSET(Gemini抽出データ!$A$1,EF1,5)=0,"",OFFSET(Gemini抽出データ!$A$1,EF1,5)) | EI7: =EC7 -> 0 | EJ7: =OFFSET(Gemini抽出データ!$A$1,EI1,4) -> 0 | EK7: =IF(OFFSET(Gemini抽出データ!$A$1,EI1,5)=0,"",OFFSET(Gemini抽出データ!$A$1,EI1,5)) | EL7: =EI7 -> 0 | EM7: =OFFSET(Gemini抽出データ!$A$1,EL1,4) -> 0 | EN7: =IF(OFFSET(Gemini抽出データ!$A$1,EL1,5)=0,"",OFFSET(Gemini抽出データ!$A$1,EL1,5)) | EP7: =OFFSET(Gemini抽出データ!$A$1,EO1,4) -> 0 | EQ7: =IF(OFFSET(Gemini抽出データ!$A$1,EO1,5)=0,"",OFFSET(Gemini抽出データ!$A$1,EO1,5)) | ER7: =EO7 -> 0 | ES7: =OFFSET(Gemini抽出データ!$A$1,ER1,4) -> 0 | ET7: =IF(OFFSET(Gemini抽出データ!$A$1,ER1,5)=0,"",OFFSET(Gemini抽出データ!$A$1,ER1,5)) | EU7: =EO7 -> 0 | EV7: =OFFSET(Gemini抽出データ!$A$1,EU1,4) -> 0 | EW7: =IF(OFFSET(Gemini抽出データ!$A$1,EU1,5)=0,"",OFFSET(Gemini抽出データ!$A$1,EU1,5)) | EX7: =EU7 -> 0 | EY7: =OFFSET(Gemini抽出データ!$A$1,EX1,4) -> 0 | EZ7: =IF(OFFSET(Gemini抽出データ!$A$1,EX1,5)=0,"",OFFSET(Gemini抽出データ!$A$1,EX1,5)) | FB7: =OFFSET(Gemini抽出データ!$A$1,FA1,4) -> 0 | FC7: =IF(OFFSET(Gemini抽出データ!$A$1,FA1,5)=0,"",OFFSET(Gemini抽出データ!$A$1,FA1,5)) | FD7: =FA7 -> 0 | FE7: =OFFSET(Gemini抽出データ!$A$1,FD1,4) -> 0 | FF7: =IF(OFFSET(Gemini抽出データ!$A$1,FD1,5)=0,"",OFFSET(Gemini抽出データ!$A$1,FD1,5)) | FG7: =FA7 -> 0 | FH7: =OFFSET(Gemini抽出データ!$A$1,FG1,4) -> 0 | FI7: =IF(OFFSET(Gemini抽出データ!$A$1,FG1,5)=0,"",OFFSET(Gemini抽出データ!$A$1,FG1,5)) | FJ7: =FG7 -> 0 | FK7: =OFFSET(Gemini抽出データ!$A$1,FJ1,4) -> 0 | FL7: =IF(OFFSET(Gemini抽出データ!$A$1,FJ1,5)=0,"",OFFSET(Gemini抽出データ!$A$1,FJ1,5)) | FN7: =OFFSET(Gemini抽出データ!$A$1,FM1,4) -> 0 | FO7: =IF(OFFSET(Gemini抽出データ!$A$1,FM1,5)=0,"",OFFSET(Gemini抽出データ!$A$1,FM1,5)) | FP7: =FM7 -> 0 | FQ7: =OFFSET(Gemini抽出データ!$A$1,FP1,4) -> 0 | FR7: =IF(OFFSET(Gemini抽出データ!$A$1,FP1,5)=0,"",OFFSET(Gemini抽出データ!$A$1,FP1,5)) | FS7: =FM7 -> 0 | FT7: =OFFSET(Gemini抽出データ!$A$1,FS1,4) -> 0 | FU7: =IF(OFFSET(Gemini抽出データ!$A$1,FS1,5)=0,"",OFFSET(Gemini抽出データ!$A$1,FS1,5)) | FV7: =FS7 -> 0 | FW7: =OFFSET(Gemini抽出データ!$A$1,FV1,4) -> 0 | FX7: =IF(OFFSET(Gemini抽出データ!$A$1,FV1,5)=0,"",OFFSET(Gemini抽出データ!$A$1,FV1,5)) | FZ7: =OFFSET(Gemini抽出データ!$A$1,FY1,4) -> 0 | GA7: =IF(OFFSET(Gemini抽出データ!$A$1,FY1,5)=0,"",OFFSET(Gemini抽出データ!$A$1,FY1,5)) | GB7: =FY7 -> 0 | GC7: =OFFSET(Gemini抽出データ!$A$1,GB1,4) -> 0 | GD7: =IF(OFFSET(Gemini抽出データ!$A$1,GB1,5)=0,"",OFFSET(Gemini抽出データ!$A$1,GB1,5)) | GE7: =FY7 -> 0 | GF7: =OFFSET(Gemini抽出データ!$A$1,GE1,4) -> 0 | GG7: =IF(OFFSET(Gemini抽出データ!$A$1,GE1,5)=0,"",OFFSET(Gemini抽出データ!$A$1,GE1,5)) | GH7: =GE7 -> 0 | GI7: =OFFSET(Gemini抽出データ!$A$1,GH1,4) -> 0 | GJ7: =IF(OFFSET(Gemini抽出データ!$A$1,GH1,5)=0,"",OFFSET(Gemini抽出データ!$A$1,GH1,5)) | GL7: =OFFSET(Gemini抽出データ!$A$1,GK1,4) -> 0 | GM7: =IF(OFFSET(Gemini抽出データ!$A$1,GK1,5)=0,"",OFFSET(Gemini抽出データ!$A$1,GK1,5)) | GN7: =GK7 -> 0 | GO7: =OFFSET(Gemini抽出データ!$A$1,GN1,4) -> 0 | GP7: =IF(OFFSET(Gemini抽出データ!$A$1,GN1,5)=0,"",OFFSET(Gemini抽出データ!$A$1,GN1,5)) | GQ7: =GK7 -> 0 | GR7: =OFFSET(Gemini抽出データ!$A$1,GQ1,4) -> 0 | GS7: =IF(OFFSET(Gemini抽出データ!$A$1,GQ1,5)=0,"",OFFSET(Gemini抽出データ!$A$1,GQ1,5)) | GT7: =GQ7 -> 0 | GU7: =OFFSET(Gemini抽出データ!$A$1,GT1,4) -> 0 | GV7: =IF(OFFSET(Gemini抽出データ!$A$1,GT1,5)=0,"",OFFSET(Gemini抽出データ!$A$1,GT1,5)) | GX7: =OFFSET(Gemini抽出データ!$A$1,GW1,4) -> 0 | GY7: =IF(OFFSET(Gemini抽出データ!$A$1,GW1,5)=0,"",OFFSET(Gemini抽出データ!$A$1,GW1,5)) | GZ7: =GW7 -> 0 | HA7: =OFFSET(Gemini抽出データ!$A$1,GZ1,4) -> 0 | HB7: =IF(OFFSET(Gemini抽出データ!$A$1,GZ1,5)=0,"",OFFSET(Gemini抽出データ!$A$1,GZ1,5)) | HC7: =GW7 -> 0 | HD7: =OFFSET(Gemini抽出データ!$A$1,HC1,4) -> 0 | HE7: =IF(OFFSET(Gemini抽出データ!$A$1,HC1,5)=0,"",OFFSET(Gemini抽出データ!$A$1,HC1,5)) | HF7: =HC7 -> 0 | HG7: =OFFSET(Gemini抽出データ!$A$1,HF1,4) -> 0 | HH7: =IF(OFFSET(Gemini抽出データ!$A$1,HF1,5)=0,"",OFFSET(Gemini抽出データ!$A$1,HF1,5)) | HJ7: =OFFSET(Gemini抽出データ!$A$1,HI1,4) -> 0 | HK7: =IF(OFFSET(Gemini抽出データ!$A$1,HI1,5)=0,"",OFFSET(Gemini抽出データ!$A$1,HI1,5)) | HL7: =HI7 -> 0 | HM7: =OFFSET(Gemini抽出データ!$A$1,HL1,4) -> 0 | HN7: =IF(OFFSET(Gemini抽出データ!$A$1,HL1,5)=0,"",OFFSET(Gemini抽出データ!$A$1,HL1,5)) | HO7: =HI7 -> 0 | HP7: =OFFSET(Gemini抽出データ!$A$1,HO1,4) -> 0 | HQ7: =IF(OFFSET(Gemini抽出データ!$A$1,HO1,5)=0,"",OFFSET(Gemini抽出データ!$A$1,HO1,5)) | HR7: =HO7 -> 0 | HS7: =OFFSET(Gemini抽出データ!$A$1,HR1,4) -> 0 | HT7: =IF(OFFSET(Gemini抽出データ!$A$1,HR1,5)=0,"",OFFSET(Gemini抽出データ!$A$1,HR1,5)) | HU7: =OFFSET(Gemini抽出データ!$A$1,#REF!,4) -> #REF! | HV7: =IF(OFFSET(Gemini抽出データ!$A$1,#REF!,5)=0,"",OFFSET(Gemini抽出データ!$A$1,#REF!,5)) -> #REF!
A8: =J1+1 -> 5 | B8: =OFFSET(Gemini抽出データ!$A$1,A8,0) -> 0 | D8: =A8+1 -> 6 | E8: =OFFSET(Gemini抽出データ!$A$1,D8,0) -> 0 | G8: =D8+1 -> 7 | H8: =OFFSET(Gemini抽出データ!$A$1,G8,0) -> 0 | J8: =G8+1 -> 8 | K8: =OFFSET(Gemini抽出データ!$A$1,J8,0) -> 0 | M8: =V1+1 -> 33 | N8: =OFFSET(Gemini抽出データ!$A$1,M8,0) -> 0 | P8: =M8+1 -> 34 | Q8: =OFFSET(Gemini抽出データ!$A$1,P8,0) -> 0 | S8: =P8+1 -> 35 | T8: =OFFSET(Gemini抽出データ!$A$1,S8,0) -> 0 | V8: =S8+1 -> 36 | W8: =OFFSET(Gemini抽出データ!$A$1,V8,0) -> 0 | Y8: =AH1+1 -> 61 | Z8: =OFFSET(Gemini抽出データ!$A$1,Y8,0) -> 0 | AB8: =Y8+1 -> 62 | AC8: =OFFSET(Gemini抽出データ!$A$1,AB8,0) -> 0 | AE8: =AB8+1 -> 63 | AF8: =OFFSET(Gemini抽出データ!$A$1,AE8,0) -> 0 | AH8: =AE8+1 -> 64 | AI8: =OFFSET(Gemini抽出データ!$A$1,AH8,0) -> 0 | AK8: =AT1+1 -> 89 | AL8: =OFFSET(Gemini抽出データ!$A$1,AK8,0) -> 0 | AN8: =AK8+1 -> 90 | AO8: =OFFSET(Gemini抽出データ!$A$1,AN8,0) -> 0 | AQ8: =AN8+1 -> 91 | AR8: =OFFSET(Gemini抽出データ!$A$1,AQ8,0) -> 0 | AT8: =AQ8+1 -> 92 | AU8: =OFFSET(Gemini抽出データ!$A$1,AT8,0) -> 0 | AW8: =BF1+1 -> 117 | AX8: =OFFSET(Gemini抽出データ!$A$1,AW8,0) -> 0 | AZ8: =AW8+1 -> 118 | BA8: =OFFSET(Gemini抽出データ!$A$1,AZ8,0) -> 0 | BC8: =AZ8+1 -> 119 | BD8: =OFFSET(Gemini抽出データ!$A$1,BC8,0) -> 0 | BF8: =BC8+1 -> 120 | BG8: =OFFSET(Gemini抽出データ!$A$1,BF8,0) -> 0 | BI8: =BR1+1 -> 145 | BJ8: =OFFSET(Gemini抽出データ!$A$1,BI8,0) -> 0 | BL8: =BI8+1 -> 146 | BM8: =OFFSET(Gemini抽出データ!$A$1,BL8,0) -> 0 | BO8: =BL8+1 -> 147 | BP8: =OFFSET(Gemini抽出データ!$A$1,BO8,0) -> 0 | BR8: =BO8+1 -> 148 | BS8: =OFFSET(Gemini抽出データ!$A$1,BR8,0) -> 0 | BU8: =CD1+1 -> 173 | BV8: =OFFSET(Gemini抽出データ!$A$1,BU8,0) -> 0 | BX8: =BU8+1 -> 174 | BY8: =OFFSET(Gemini抽出データ!$A$1,BX8,0) -> 0 | CA8: =BX8+1 -> 175 | CB8: =OFFSET(Gemini抽出データ!$A$1,CA8,0) -> 0 | CD8: =CA8+1 -> 176 | CE8: =OFFSET(Gemini抽出データ!$A$1,CD8,0) -> 0 | CG8: =CP1+1 -> 201 | CH8: =OFFSET(Gemini抽出データ!$A$1,CG8,0) -> 0 | CJ8: =CG8+1 -> 202 | CK8: =OFFSET(Gemini抽出データ!$A$1,CJ8,0) -> 0 | CM8: =CJ8+1 -> 203 | CN8: =OFFSET(Gemini抽出データ!$A$1,CM8,0) -> 0 | CP8: =CM8+1 -> 204 | CQ8: =OFFSET(Gemini抽出データ!$A$1,CP8,0) -> 0 | CS8: =DB1+1 -> 229 | CT8: =OFFSET(Gemini抽出データ!$A$1,CS8,0) -> 0 | CV8: =CS8+1 -> 230 | CW8: =OFFSET(Gemini抽出データ!$A$1,CV8,0) -> 0 | CY8: =CV8+1 -> 231 | CZ8: =OFFSET(Gemini抽出データ!$A$1,CY8,0) -> 0 | DB8: =CY8+1 -> 232 | DC8: =OFFSET(Gemini抽出データ!$A$1,DB8,0) -> 0 | DE8: =DN1+1 -> 257 | DF8: =OFFSET(Gemini抽出データ!$A$1,DE8,0) -> 0 | DH8: =DE8+1 -> 258 | DI8: =OFFSET(Gemini抽出データ!$A$1,DH8,0) -> 0 | DK8: =DH8+1 -> 259 | DL8: =OFFSET(Gemini抽出データ!$A$1,DK8,0) -> 0 | DN8: =DK8+1 -> 260 | DO8: =OFFSET(Gemini抽出データ!$A$1,DN8,0) -> 0 | DQ8: =DZ1+1 -> 285 | DR8: =OFFSET(Gemini抽出データ!$A$1,DQ8,0) -> 0 | DT8: =DQ8+1 -> 286 | DU8: =OFFSET(Gemini抽出データ!$A$1,DT8,0) -> 0 | DW8: =DT8+1 -> 287 | DX8: =OFFSET(Gemini抽出データ!$A$1,DW8,0) -> 0 | DZ8: =DW8+1 -> 288 | EA8: =OFFSET(Gemini抽出データ!$A$1,DZ8,0) -> 0 | EC8: =EL1+1 -> 313 | ED8: =OFFSET(Gemini抽出データ!$A$1,EC8,0) -> 0 | EF8: =EC8+1 -> 314 | EG8: =OFFSET(Gemini抽出データ!$A$1,EF8,0) -> 0 | EI8: =EF8+1 -> 315 | EJ8: =OFFSET(Gemini抽出データ!$A$1,EI8,0) -> 0 | EL8: =EI8+1 -> 316 | EM8: =OFFSET(Gemini抽出データ!$A$1,EL8,0) -> 0 | EO8: =EX1+1 -> 341 | EP8: =OFFSET(Gemini抽出データ!$A$1,EO8,0) -> 0 | ER8: =EO8+1 -> 342 | ES8: =OFFSET(Gemini抽出データ!$A$1,ER8,0) -> 0 | EU8: =ER8+1 -> 343 | EV8: =OFFSET(Gemini抽出データ!$A$1,EU8,0) -> 0 | EX8: =EU8+1 -> 344 | EY8: =OFFSET(Gemini抽出データ!$A$1,EX8,0) -> 0 | FA8: =FJ1+1 -> 369 | FB8: =OFFSET(Gemini抽出データ!$A$1,FA8,0) -> 0 | FD8: =FA8+1 -> 370 | FE8: =OFFSET(Gemini抽出データ!$A$1,FD8,0) -> 0 | FG8: =FD8+1 -> 371 | FH8: =OFFSET(Gemini抽出データ!$A$1,FG8,0) -> 0 | FJ8: =FG8+1 -> 372 | FK8: =OFFSET(Gemini抽出データ!$A$1,FJ8,0) -> 0 | FM8: =FV1+1 -> 397 | FN8: =OFFSET(Gemini抽出データ!$A$1,FM8,0) -> 0 | FP8: =FM8+1 -> 398 | FQ8: =OFFSET(Gemini抽出データ!$A$1,FP8,0) -> 0 | FS8: =FP8+1 -> 399 | FT8: =OFFSET(Gemini抽出データ!$A$1,FS8,0) -> 0 | FV8: =FS8+1 -> 400 | FW8: =OFFSET(Gemini抽出データ!$A$1,FV8,0) -> 0 | FY8: =GH1+1 -> 425 | FZ8: =OFFSET(Gemini抽出データ!$A$1,FY8,0) -> 0 | GB8: =FY8+1 -> 426 | GC8: =OFFSET(Gemini抽出データ!$A$1,GB8,0) -> 0 | GE8: =GB8+1 -> 427 | GF8: =OFFSET(Gemini抽出データ!$A$1,GE8,0) -> 0 | GH8: =GE8+1 -> 428 | GI8: =OFFSET(Gemini抽出データ!$A$1,GH8,0) -> 0 | GK8: =GT1+1 -> 453 | GL8: =OFFSET(Gemini抽出データ!$A$1,GK8,0) -> 0 | GN8: =GK8+1 -> 454 | GO8: =OFFSET(Gemini抽出データ!$A$1,GN8,0) -> 0 | GQ8: =GN8+1 -> 455 | GR8: =OFFSET(Gemini抽出データ!$A$1,GQ8,0) -> 0 | GT8: =GQ8+1 -> 456 | GU8: =OFFSET(Gemini抽出データ!$A$1,GT8,0) -> 0 | GW8: =HF1+1 -> 481 | GX8: =OFFSET(Gemini抽出データ!$A$1,GW8,0) -> 0 | GZ8: =GW8+1 -> 482 | HA8: =OFFSET(Gemini抽出データ!$A$1,GZ8,0) -> 0 | HC8: =GZ8+1 -> 483 | HD8: =OFFSET(Gemini抽出データ!$A$1,HC8,0) -> 0 | HF8: =HC8+1 -> 484 | HG8: =OFFSET(Gemini抽出データ!$A$1,HF8,0) -> 0 | HI8: =HR1+1 -> 509 | HJ8: =OFFSET(Gemini抽出データ!$A$1,HI8,0) -> 0 | HL8: =HI8+1 -> 510 | HM8: =OFFSET(Gemini抽出データ!$A$1,HL8,0) -> 0 | HO8: =HL8+1 -> 511 | HP8: =OFFSET(Gemini抽出データ!$A$1,HO8,0) -> 0 | HR8: =HO8+1 -> 512 | HS8: =OFFSET(Gemini抽出データ!$A$1,HR8,0) -> 0 | HU8: =OFFSET(Gemini抽出データ!$A$1,#REF!,0) -> #REF!
A9: ="クライアント名"&A$1 -> クライアント名1 | B9: =OFFSET(Gemini抽出データ!$A$1,A8,2) -> 0 | D9: ="クライアント名"&D$1 -> クライアント名2 | E9: =OFFSET(Gemini抽出データ!$A$1,D8,2) -> 0 | G9: ="クライアント名"&G$1 -> クライアント名3 | H9: =OFFSET(Gemini抽出データ!$A$1,G8,2) -> 0 | J9: ="クライアント名"&J$1 -> クライアント名4 | K9: =OFFSET(Gemini抽出データ!$A$1,J8,2) -> 0 | M9: ="クライアント名"&M$1 -> クライアント名29 | N9: =OFFSET(Gemini抽出データ!$A$1,M8,2) -> 0 | P9: ="クライアント名"&P$1 -> クライアント名30 | Q9: =OFFSET(Gemini抽出データ!$A$1,P8,2) -> 0 | S9: ="クライアント名"&S$1 -> クライアント名31 | T9: =OFFSET(Gemini抽出データ!$A$1,S8,2) -> 0 | V9: ="クライアント名"&V$1 -> クライアント名32 | W9: =OFFSET(Gemini抽出データ!$A$1,V8,2) -> 0 | Y9: ="クライアント名"&Y$1 -> クライアント名57 | Z9: =OFFSET(Gemini抽出データ!$A$1,Y8,2) -> 0 | AB9: ="クライアント名"&AB$1 -> クライアント名58 | AC9: =OFFSET(Gemini抽出データ!$A$1,AB8,2) -> 0 | AE9: ="クライアント名"&AE$1 -> クライアント名59 | AF9: =OFFSET(Gemini抽出データ!$A$1,AE8,2) -> 0 | AH9: ="クライアント名"&AH$1 -> クライアント名60 | AI9: =OFFSET(Gemini抽出データ!$A$1,AH8,2) -> 0 | AK9: ="クライアント名"&AK$1 -> クライアント名85 | AL9: =OFFSET(Gemini抽出データ!$A$1,AK8,2) -> 0 | AN9: ="クライアント名"&AN$1 -> クライアント名86 | AO9: =OFFSET(Gemini抽出データ!$A$1,AN8,2) -> 0 | AQ9: ="クライアント名"&AQ$1 -> クライアント名87 | AR9: =OFFSET(Gemini抽出データ!$A$1,AQ8,2) -> 0 | AT9: ="クライアント名"&AT$1 -> クライアント名88 | AU9: =OFFSET(Gemini抽出データ!$A$1,AT8,2) -> 0 | AW9: ="クライアント名"&AW$1 -> クライアント名113 | AX9: =OFFSET(Gemini抽出データ!$A$1,AW8,2) -> 0 | AZ9: ="クライアント名"&AZ$1 -> クライアント名114 | BA9: =OFFSET(Gemini抽出データ!$A$1,AZ8,2) -> 0 | BC9: ="クライアント名"&BC$1 -> クライアント名115 | BD9: =OFFSET(Gemini抽出データ!$A$1,BC8,2) -> 0 | BF9: ="クライアント名"&BF$1 -> クライアント名116 | BG9: =OFFSET(Gemini抽出データ!$A$1,BF8,2) -> 0 | BI9: ="クライアント名"&BI$1 -> クライアント名141 | BJ9: =OFFSET(Gemini抽出データ!$A$1,BI8,2) -> 0 | BL9: ="クライアント名"&BL$1 -> クライアント名142 | BM9: =OFFSET(Gemini抽出データ!$A$1,BL8,2) -> 0 | BO9: ="クライアント名"&BO$1 -> クライアント名143 | BP9: =OFFSET(Gemini抽出データ!$A$1,BO8,2) -> 0 | BR9: ="クライアント名"&BR$1 -> クライアント名144 | BS9: =OFFSET(Gemini抽出データ!$A$1,BR8,2) -> 0 | BU9: ="クライアント名"&BU$1 -> クライアント名169 | BV9: =OFFSET(Gemini抽出データ!$A$1,BU8,2) -> 0 | BX9: ="クライアント名"&BX$1 -> クライアント名170 | BY9: =OFFSET(Gemini抽出データ!$A$1,BX8,2) -> 0 | CA9: ="クライアント名"&CA$1 -> クライアント名171 | CB9: =OFFSET(Gemini抽出データ!$A$1,CA8,2) -> 0 | CD9: ="クライアント名"&CD$1 -> クライアント名172 | CE9: =OFFSET(Gemini抽出データ!$A$1,CD8,2) -> 0 | CG9: ="クライアント名"&CG$1 -> クライアント名197 | CH9: =OFFSET(Gemini抽出データ!$A$1,CG8,2) -> 0 | CJ9: ="クライアント名"&CJ$1 -> クライアント名198 | CK9: =OFFSET(Gemini抽出データ!$A$1,CJ8,2) -> 0 | CM9: ="クライアント名"&CM$1 -> クライアント名199 | CN9: =OFFSET(Gemini抽出データ!$A$1,CM8,2) -> 0 | CP9: ="クライアント名"&CP$1 -> クライアント名200 | CQ9: =OFFSET(Gemini抽出データ!$A$1,CP8,2) -> 0 | CS9: ="クライアント名"&CS$1 -> クライアント名225 | CT9: =OFFSET(Gemini抽出データ!$A$1,CS8,2) -> 0 | CV9: ="クライアント名"&CV$1 -> クライアント名226 | CW9: =OFFSET(Gemini抽出データ!$A$1,CV8,2) -> 0 | CY9: ="クライアント名"&CY$1 -> クライアント名227 | CZ9: =OFFSET(Gemini抽出データ!$A$1,CY8,2) -> 0 | DB9: ="クライアント名"&DB$1 -> クライアント名228 | DC9: =OFFSET(Gemini抽出データ!$A$1,DB8,2) -> 0 | DE9: ="クライアント名"&DE$1 -> クライアント名253 | DF9: =OFFSET(Gemini抽出データ!$A$1,DE8,2) -> 0 | DH9: ="クライアント名"&DH$1 -> クライアント名254 | DI9: =OFFSET(Gemini抽出データ!$A$1,DH8,2) -> 0 | DK9: ="クライアント名"&DK$1 -> クライアント名255 | DL9: =OFFSET(Gemini抽出データ!$A$1,DK8,2) -> 0 | DN9: ="クライアント名"&DN$1 -> クライアント名256 | DO9: =OFFSET(Gemini抽出データ!$A$1,DN8,2) -> 0 | DQ9: ="クライアント名"&DQ$1 -> クライアント名281 | DR9: =OFFSET(Gemini抽出データ!$A$1,DQ8,2) -> 0 | DT9: ="クライアント名"&DT$1 -> クライアント名282 | DU9: =OFFSET(Gemini抽出データ!$A$1,DT8,2) -> 0 | DW9: ="クライアント名"&DW$1 -> クライアント名283 | DX9: =OFFSET(Gemini抽出データ!$A$1,DW8,2) -> 0 | DZ9: ="クライアント名"&DZ$1 -> クライアント名284 | EA9: =OFFSET(Gemini抽出データ!$A$1,DZ8,2) -> 0 | EC9: ="クライアント名"&EC$1 -> クライアント名309 | ED9: =OFFSET(Gemini抽出データ!$A$1,EC8,2) -> 0 | EF9: ="クライアント名"&EF$1 -> クライアント名310 | EG9: =OFFSET(Gemini抽出データ!$A$1,EF8,2) -> 0 | EI9: ="クライアント名"&EI$1 -> クライアント名311 | EJ9: =OFFSET(Gemini抽出データ!$A$1,EI8,2) -> 0 | EL9: ="クライアント名"&EL$1 -> クライアント名312 | EM9: =OFFSET(Gemini抽出データ!$A$1,EL8,2) -> 0 | EO9: ="クライアント名"&EO$1 -> クライアント名337 | EP9: =OFFSET(Gemini抽出データ!$A$1,EO8,2) -> 0 | ER9: ="クライアント名"&ER$1 -> クライアント名338 | ES9: =OFFSET(Gemini抽出データ!$A$1,ER8,2) -> 0 | EU9: ="クライアント名"&EU$1 -> クライアント名339 | EV9: =OFFSET(Gemini抽出データ!$A$1,EU8,2) -> 0 | EX9: ="クライアント名"&EX$1 -> クライアント名340 | EY9: =OFFSET(Gemini抽出データ!$A$1,EX8,2) -> 0 | FA9: ="クライアント名"&FA$1 -> クライアント名365 | FB9: =OFFSET(Gemini抽出データ!$A$1,FA8,2) -> 0 | FD9: ="クライアント名"&FD$1 -> クライアント名366 | FE9: =OFFSET(Gemini抽出データ!$A$1,FD8,2) -> 0 | FG9: ="クライアント名"&FG$1 -> クライアント名367 | FH9: =OFFSET(Gemini抽出データ!$A$1,FG8,2) -> 0 | FJ9: ="クライアント名"&FJ$1 -> クライアント名368 | FK9: =OFFSET(Gemini抽出データ!$A$1,FJ8,2) -> 0 | FM9: ="クライアント名"&FM$1 -> クライアント名393 | FN9: =OFFSET(Gemini抽出データ!$A$1,FM8,2) -> 0 | FP9: ="クライアント名"&FP$1 -> クライアント名394 | FQ9: =OFFSET(Gemini抽出データ!$A$1,FP8,2) -> 0 | FS9: ="クライアント名"&FS$1 -> クライアント名395 | FT9: =OFFSET(Gemini抽出データ!$A$1,FS8,2) -> 0 | FV9: ="クライアント名"&FV$1 -> クライアント名396 | FW9: =OFFSET(Gemini抽出データ!$A$1,FV8,2) -> 0 | FY9: ="クライアント名"&FY$1 -> クライアント名421 | FZ9: =OFFSET(Gemini抽出データ!$A$1,FY8,2) -> 0 | GB9: ="クライアント名"&GB$1 -> クライアント名422 | GC9: =OFFSET(Gemini抽出データ!$A$1,GB8,2) -> 0 | GE9: ="クライアント名"&GE$1 -> クライアント名423 | GF9: =OFFSET(Gemini抽出データ!$A$1,GE8,2) -> 0 | GH9: ="クライアント名"&GH$1 -> クライアント名424 | GI9: =OFFSET(Gemini抽出データ!$A$1,GH8,2) -> 0 | GK9: ="クライアント名"&GK$1 -> クライアント名449 | GL9: =OFFSET(Gemini抽出データ!$A$1,GK8,2) -> 0 | GN9: ="クライアント名"&GN$1 -> クライアント名450 | GO9: =OFFSET(Gemini抽出データ!$A$1,GN8,2) -> 0 | GQ9: ="クライアント名"&GQ$1 -> クライアント名451 | GR9: =OFFSET(Gemini抽出データ!$A$1,GQ8,2) -> 0 | GT9: ="クライアント名"&GT$1 -> クライアント名452 | GU9: =OFFSET(Gemini抽出データ!$A$1,GT8,2) -> 0 | GW9: ="クライアント名"&GW$1 -> クライアント名477 | GX9: =OFFSET(Gemini抽出データ!$A$1,GW8,2) -> 0 | GZ9: ="クライアント名"&GZ$1 -> クライアント名478 | HA9: =OFFSET(Gemini抽出データ!$A$1,GZ8,2) -> 0 | HC9: ="クライアント名"&HC$1 -> クライアント名479 | HD9: =OFFSET(Gemini抽出データ!$A$1,HC8,2) -> 0 | HF9: ="クライアント名"&HF$1 -> クライアント名480 | HG9: =OFFSET(Gemini抽出データ!$A$1,HF8,2) -> 0 | HI9: ="クライアント名"&HI$1 -> クライアント名505 | HJ9: =OFFSET(Gemini抽出データ!$A$1,HI8,2) -> 0 | HL9: ="クライアント名"&HL$1 -> クライアント名506 | HM9: =OFFSET(Gemini抽出データ!$A$1,HL8,2) -> 0 | HO9: ="クライアント名"&HO$1 -> クライアント名507 | HP9: =OFFSET(Gemini抽出データ!$A$1,HO8,2) -> 0 | HR9: ="クライアント名"&HR$1 -> クライアント名508 | HS9: =OFFSET(Gemini抽出データ!$A$1,HR8,2) -> 0 | HU9: =OFFSET(Gemini抽出データ!$A$1,#REF!,2) -> #REF!
A10: ="種類"&A$1 -> 種類1 | B10: =IF(OFFSET(Gemini抽出データ!$A$1,A8,1)=0,"",OFFSET(Gemini抽出データ!$A$1,A8,1)) | D10: ="学年"&D$1 -> 学年2 | E10: =IF(OFFSET(Gemini抽出データ!$A$1,D8,1)=0,"",OFFSET(Gemini抽出データ!$A$1,D8,1)) | G10: ="学年"&G$1 -> 学年3 | H10: =IF(OFFSET(Gemini抽出データ!$A$1,G8,1)=0,"",OFFSET(Gemini抽出データ!$A$1,G8,1)) | J10: ="学年"&J$1 -> 学年4 | K10: =IF(OFFSET(Gemini抽出データ!$A$1,J8,1)=0,"",OFFSET(Gemini抽出データ!$A$1,J8,1)) | M10: ="種類"&M$1 -> 種類29 | N10: =IF(OFFSET(Gemini抽出データ!$A$1,M8,1)=0,"",OFFSET(Gemini抽出データ!$A$1,M8,1)) | P10: ="学年"&P$1 -> 学年30 | Q10: =IF(OFFSET(Gemini抽出データ!$A$1,P8,1)=0,"",OFFSET(Gemini抽出データ!$A$1,P8,1)) | S10: ="学年"&S$1 -> 学年31 | T10: =IF(OFFSET(Gemini抽出データ!$A$1,S8,1)=0,"",OFFSET(Gemini抽出データ!$A$1,S8,1)) | V10: ="学年"&V$1 -> 学年32 | W10: =IF(OFFSET(Gemini抽出データ!$A$1,V8,1)=0,"",OFFSET(Gemini抽出データ!$A$1,V8,1)) | Y10: ="種類"&Y$1 -> 種類57 | Z10: =IF(OFFSET(Gemini抽出データ!$A$1,Y8,1)=0,"",OFFSET(Gemini抽出データ!$A$1,Y8,1)) | AB10: ="学年"&AB$1 -> 学年58 | AC10: =IF(OFFSET(Gemini抽出データ!$A$1,AB8,1)=0,"",OFFSET(Gemini抽出データ!$A$1,AB8,1)) | AE10: ="学年"&AE$1 -> 学年59 | AF10: =IF(OFFSET(Gemini抽出データ!$A$1,AE8,1)=0,"",OFFSET(Gemini抽出データ!$A$1,AE8,1)) | AH10: ="学年"&AH$1 -> 学年60 | AI10: =IF(OFFSET(Gemini抽出データ!$A$1,AH8,1)=0,"",OFFSET(Gemini抽出データ!$A$1,AH8,1)) | AK10: ="種類"&AK$1 -> 種類85 | AL10: =IF(OFFSET(Gemini抽出データ!$A$1,AK8,1)=0,"",OFFSET(Gemini抽出データ!$A$1,AK8,1)) | AN10: ="学年"&AN$1 -> 学年86 | AO10: =IF(OFFSET(Gemini抽出データ!$A$1,AN8,1)=0,"",OFFSET(Gemini抽出データ!$A$1,AN8,1)) | AQ10: ="学年"&AQ$1 -> 学年87 | AR10: =IF(OFFSET(Gemini抽出データ!$A$1,AQ8,1)=0,"",OFFSET(Gemini抽出データ!$A$1,AQ8,1)) | AT10: ="学年"&AT$1 -> 学年88 | AU10: =IF(OFFSET(Gemini抽出データ!$A$1,AT8,1)=0,"",OFFSET(Gemini抽出データ!$A$1,AT8,1)) | AW10: ="種類"&AW$1 -> 種類113 | AX10: =IF(OFFSET(Gemini抽出データ!$A$1,AW8,1)=0,"",OFFSET(Gemini抽出データ!$A$1,AW8,1)) | AZ10: ="学年"&AZ$1 -> 学年114 | BA10: =IF(OFFSET(Gemini抽出データ!$A$1,AZ8,1)=0,"",OFFSET(Gemini抽出データ!$A$1,AZ8,1)) | BC10: ="学年"&BC$1 -> 学年115 | BD10: =IF(OFFSET(Gemini抽出データ!$A$1,BC8,1)=0,"",OFFSET(Gemini抽出データ!$A$1,BC8,1)) | BF10: ="学年"&BF$1 -> 学年116 | BG10: =IF(OFFSET(Gemini抽出データ!$A$1,BF8,1)=0,"",OFFSET(Gemini抽出データ!$A$1,BF8,1)) | BI10: ="種類"&BI$1 -> 種類141 | BJ10: =IF(OFFSET(Gemini抽出データ!$A$1,BI8,1)=0,"",OFFSET(Gemini抽出データ!$A$1,BI8,1)) | BL10: ="学年"&BL$1 -> 学年142 | BM10: =IF(OFFSET(Gemini抽出データ!$A$1,BL8,1)=0,"",OFFSET(Gemini抽出データ!$A$1,BL8,1)) | BO10: ="学年"&BO$1 -> 学年143 | BP10: =IF(OFFSET(Gemini抽出データ!$A$1,BO8,1)=0,"",OFFSET(Gemini抽出データ!$A$1,BO8,1)) | BR10: ="学年"&BR$1 -> 学年144 | BS10: =IF(OFFSET(Gemini抽出データ!$A$1,BR8,1)=0,"",OFFSET(Gemini抽出データ!$A$1,BR8,1)) | BU10: ="種類"&BU$1 -> 種類169 | BV10: =IF(OFFSET(Gemini抽出データ!$A$1,BU8,1)=0,"",OFFSET(Gemini抽出データ!$A$1,BU8,1)) | BX10: ="学年"&BX$1 -> 学年170 | BY10: =IF(OFFSET(Gemini抽出データ!$A$1,BX8,1)=0,"",OFFSET(Gemini抽出データ!$A$1,BX8,1)) | CA10: ="学年"&CA$1 -> 学年171 | CB10: =IF(OFFSET(Gemini抽出データ!$A$1,CA8,1)=0,"",OFFSET(Gemini抽出データ!$A$1,CA8,1)) | CD10: ="学年"&CD$1 -> 学年172 | CE10: =IF(OFFSET(Gemini抽出データ!$A$1,CD8,1)=0,"",OFFSET(Gemini抽出データ!$A$1,CD8,1)) | CG10: ="種類"&CG$1 -> 種類197 | CH10: =IF(OFFSET(Gemini抽出データ!$A$1,CG8,1)=0,"",OFFSET(Gemini抽出データ!$A$1,CG8,1)) | CJ10: ="学年"&CJ$1 -> 学年198 | CK10: =IF(OFFSET(Gemini抽出データ!$A$1,CJ8,1)=0,"",OFFSET(Gemini抽出データ!$A$1,CJ8,1)) | CM10: ="学年"&CM$1 -> 学年199 | CN10: =IF(OFFSET(Gemini抽出データ!$A$1,CM8,1)=0,"",OFFSET(Gemini抽出データ!$A$1,CM8,1)) | CP10: ="学年"&CP$1 -> 学年200 | CQ10: =IF(OFFSET(Gemini抽出データ!$A$1,CP8,1)=0,"",OFFSET(Gemini抽出データ!$A$1,CP8,1)) | CS10: ="種類"&CS$1 -> 種類225 | CT10: =IF(OFFSET(Gemini抽出データ!$A$1,CS8,1)=0,"",OFFSET(Gemini抽出データ!$A$1,CS8,1)) | CV10: ="学年"&CV$1 -> 学年226 | CW10: =IF(OFFSET(Gemini抽出データ!$A$1,CV8,1)=0,"",OFFSET(Gemini抽出データ!$A$1,CV8,1)) | CY10: ="学年"&CY$1 -> 学年227 | CZ10: =IF(OFFSET(Gemini抽出データ!$A$1,CY8,1)=0,"",OFFSET(Gemini抽出データ!$A$1,CY8,1)) | DB10: ="学年"&DB$1 -> 学年228 | DC10: =IF(OFFSET(Gemini抽出データ!$A$1,DB8,1)=0,"",OFFSET(Gemini抽出データ!$A$1,DB8,1)) | DE10: ="種類"&DE$1 -> 種類253 | DF10: =IF(OFFSET(Gemini抽出データ!$A$1,DE8,1)=0,"",OFFSET(Gemini抽出データ!$A$1,DE8,1)) | DH10: ="学年"&DH$1 -> 学年254 | DI10: =IF(OFFSET(Gemini抽出データ!$A$1,DH8,1)=0,"",OFFSET(Gemini抽出データ!$A$1,DH8,1)) | DK10: ="学年"&DK$1 -> 学年255 | DL10: =IF(OFFSET(Gemini抽出データ!$A$1,DK8,1)=0,"",OFFSET(Gemini抽出データ!$A$1,DK8,1)) | DN10: ="学年"&DN$1 -> 学年256 | DO10: =IF(OFFSET(Gemini抽出データ!$A$1,DN8,1)=0,"",OFFSET(Gemini抽出データ!$A$1,DN8,1)) | DQ10: ="種類"&DQ$1 -> 種類281 | DR10: =IF(OFFSET(Gemini抽出データ!$A$1,DQ8,1)=0,"",OFFSET(Gemini抽出データ!$A$1,DQ8,1)) | DT10: ="学年"&DT$1 -> 学年282 | DU10: =IF(OFFSET(Gemini抽出データ!$A$1,DT8,1)=0,"",OFFSET(Gemini抽出データ!$A$1,DT8,1)) | DW10: ="学年"&DW$1 -> 学年283 | DX10: =IF(OFFSET(Gemini抽出データ!$A$1,DW8,1)=0,"",OFFSET(Gemini抽出データ!$A$1,DW8,1)) | DZ10: ="学年"&DZ$1 -> 学年284 | EA10: =IF(OFFSET(Gemini抽出データ!$A$1,DZ8,1)=0,"",OFFSET(Gemini抽出データ!$A$1,DZ8,1)) | EC10: ="種類"&EC$1 -> 種類309 | ED10: =IF(OFFSET(Gemini抽出データ!$A$1,EC8,1)=0,"",OFFSET(Gemini抽出データ!$A$1,EC8,1)) | EF10: ="学年"&EF$1 -> 学年310 | EG10: =IF(OFFSET(Gemini抽出データ!$A$1,EF8,1)=0,"",OFFSET(Gemini抽出データ!$A$1,EF8,1)) | EI10: ="学年"&EI$1 -> 学年311 | EJ10: =IF(OFFSET(Gemini抽出データ!$A$1,EI8,1)=0,"",OFFSET(Gemini抽出データ!$A$1,EI8,1)) | EL10: ="学年"&EL$1 -> 学年312 | EM10: =IF(OFFSET(Gemini抽出データ!$A$1,EL8,1)=0,"",OFFSET(Gemini抽出データ!$A$1,EL8,1)) | EO10: ="種類"&EO$1 -> 種類337 | EP10: =IF(OFFSET(Gemini抽出データ!$A$1,EO8,1)=0,"",OFFSET(Gemini抽出データ!$A$1,EO8,1)) | ER10: ="学年"&ER$1 -> 学年338 | ES10: =IF(OFFSET(Gemini抽出データ!$A$1,ER8,1)=0,"",OFFSET(Gemini抽出データ!$A$1,ER8,1)) | EU10: ="学年"&EU$1 -> 学年339 | EV10: =IF(OFFSET(Gemini抽出データ!$A$1,EU8,1)=0,"",OFFSET(Gemini抽出データ!$A$1,EU8,1)) | EX10: ="学年"&EX$1 -> 学年340 | EY10: =IF(OFFSET(Gemini抽出データ!$A$1,EX8,1)=0,"",OFFSET(Gemini抽出データ!$A$1,EX8,1)) | FA10: ="種類"&FA$1 -> 種類365 | FB10: =IF(OFFSET(Gemini抽出データ!$A$1,FA8,1)=0,"",OFFSET(Gemini抽出データ!$A$1,FA8,1)) | FD10: ="学年"&FD$1 -> 学年366 | FE10: =IF(OFFSET(Gemini抽出データ!$A$1,FD8,1)=0,"",OFFSET(Gemini抽出データ!$A$1,FD8,1)) | FG10: ="学年"&FG$1 -> 学年367 | FH10: =IF(OFFSET(Gemini抽出データ!$A$1,FG8,1)=0,"",OFFSET(Gemini抽出データ!$A$1,FG8,1)) | FJ10: ="学年"&FJ$1 -> 学年368 | FK10: =IF(OFFSET(Gemini抽出データ!$A$1,FJ8,1)=0,"",OFFSET(Gemini抽出データ!$A$1,FJ8,1)) | FM10: ="種類"&FM$1 -> 種類393 | FN10: =IF(OFFSET(Gemini抽出データ!$A$1,FM8,1)=0,"",OFFSET(Gemini抽出データ!$A$1,FM8,1)) | FP10: ="学年"&FP$1 -> 学年394 | FQ10: =IF(OFFSET(Gemini抽出データ!$A$1,FP8,1)=0,"",OFFSET(Gemini抽出データ!$A$1,FP8,1)) | FS10: ="学年"&FS$1 -> 学年395 | FT10: =IF(OFFSET(Gemini抽出データ!$A$1,FS8,1)=0,"",OFFSET(Gemini抽出データ!$A$1,FS8,1)) | FV10: ="学年"&FV$1 -> 学年396 | FW10: =IF(OFFSET(Gemini抽出データ!$A$1,FV8,1)=0,"",OFFSET(Gemini抽出データ!$A$1,FV8,1)) | FY10: ="種類"&FY$1 -> 種類421 | FZ10: =IF(OFFSET(Gemini抽出データ!$A$1,FY8,1)=0,"",OFFSET(Gemini抽出データ!$A$1,FY8,1)) | GB10: ="学年"&GB$1 -> 学年422 | GC10: =IF(OFFSET(Gemini抽出データ!$A$1,GB8,1)=0,"",OFFSET(Gemini抽出データ!$A$1,GB8,1)) | GE10: ="学年"&GE$1 -> 学年423 | GF10: =IF(OFFSET(Gemini抽出データ!$A$1,GE8,1)=0,"",OFFSET(Gemini抽出データ!$A$1,GE8,1)) | GH10: ="学年"&GH$1 -> 学年424 | GI10: =IF(OFFSET(Gemini抽出データ!$A$1,GH8,1)=0,"",OFFSET(Gemini抽出データ!$A$1,GH8,1)) | GK10: ="種類"&GK$1 -> 種類449 | GL10: =IF(OFFSET(Gemini抽出データ!$A$1,GK8,1)=0,"",OFFSET(Gemini抽出データ!$A$1,GK8,1)) | GN10: ="学年"&GN$1 -> 学年450 | GO10: =IF(OFFSET(Gemini抽出データ!$A$1,GN8,1)=0,"",OFFSET(Gemini抽出データ!$A$1,GN8,1)) | GQ10: ="学年"&GQ$1 -> 学年451 | GR10: =IF(OFFSET(Gemini抽出データ!$A$1,GQ8,1)=0,"",OFFSET(Gemini抽出データ!$A$1,GQ8,1)) | GT10: ="学年"&GT$1 -> 学年452 | GU10: =IF(OFFSET(Gemini抽出データ!$A$1,GT8,1)=0,"",OFFSET(Gemini抽出データ!$A$1,GT8,1)) | GW10: ="種類"&GW$1 -> 種類477 | GX10: =IF(OFFSET(Gemini抽出データ!$A$1,GW8,1)=0,"",OFFSET(Gemini抽出データ!$A$1,GW8,1)) | GZ10: ="学年"&GZ$1 -> 学年478 | HA10: =IF(OFFSET(Gemini抽出データ!$A$1,GZ8,1)=0,"",OFFSET(Gemini抽出データ!$A$1,GZ8,1)) | HC10: ="学年"&HC$1 -> 学年479 | HD10: =IF(OFFSET(Gemini抽出データ!$A$1,HC8,1)=0,"",OFFSET(Gemini抽出データ!$A$1,HC8,1)) | HF10: ="学年"&HF$1 -> 学年480 | HG10: =IF(OFFSET(Gemini抽出データ!$A$1,HF8,1)=0,"",OFFSET(Gemini抽出データ!$A$1,HF8,1)) | HI10: ="種類"&HI$1 -> 種類505 | HJ10: =IF(OFFSET(Gemini抽出データ!$A$1,HI8,1)=0,"",OFFSET(Gemini抽出データ!$A$1,HI8,1)) | HL10: ="学年"&HL$1 -> 学年506 | HM10: =IF(OFFSET(Gemini抽出データ!$A$1,HL8,1)=0,"",OFFSET(Gemini抽出データ!$A$1,HL8,1)) | HO10: ="学年"&HO$1 -> 学年507 | HP10: =IF(OFFSET(Gemini抽出データ!$A$1,HO8,1)=0,"",OFFSET(Gemini抽出データ!$A$1,HO8,1)) | HR10: ="学年"&HR$1 -> 学年508 | HS10: =IF(OFFSET(Gemini抽出データ!$A$1,HR8,1)=0,"",OFFSET(Gemini抽出データ!$A$1,HR8,1)) | HU10: =IF(OFFSET(Gemini抽出データ!$A$1,#REF!,1)=0,"",OFFSET(Gemini抽出データ!$A$1,#REF!,1)) -> #REF!
A11: ="学年"&A$1 -> 学年1 | M11: ="学年"&M$1 -> 学年29 | Y11: ="学年"&Y$1 -> 学年57 | AK11: ="学年"&AK$1 -> 学年85 | AW11: ="学年"&AW$1 -> 学年113 | BI11: ="学年"&BI$1 -> 学年141 | BU11: ="学年"&BU$1 -> 学年169 | CG11: ="学年"&CG$1 -> 学年197 | CS11: ="学年"&CS$1 -> 学年225 | DE11: ="学年"&DE$1 -> 学年253 | DQ11: ="学年"&DQ$1 -> 学年281 | EC11: ="学年"&EC$1 -> 学年309 | EO11: ="学年"&EO$1 -> 学年337 | FA11: ="学年"&FA$1 -> 学年365 | FM11: ="学年"&FM$1 -> 学年393 | FY11: ="学年"&FY$1 -> 学年421 | GK11: ="学年"&GK$1 -> 学年449 | GW11: ="学年"&GW$1 -> 学年477 | HI11: ="学年"&HI$1 -> 学年505
B12: =OFFSET(Gemini抽出データ!$A$1,A8,3) -> 0 | E12: =OFFSET(Gemini抽出データ!$A$1,D8,3) -> 0 | H12: =OFFSET(Gemini抽出データ!$A$1,G8,3) -> 0 | K12: =OFFSET(Gemini抽出データ!$A$1,J8,3) -> 0 | N12: =OFFSET(Gemini抽出データ!$A$1,M8,3) -> 0 | Q12: =OFFSET(Gemini抽出データ!$A$1,P8,3) -> 0 | T12: =OFFSET(Gemini抽出データ!$A$1,S8,3) -> 0 | W12: =OFFSET(Gemini抽出データ!$A$1,V8,3) -> 0 | Z12: =OFFSET(Gemini抽出データ!$A$1,Y8,3) -> 0 | AC12: =OFFSET(Gemini抽出データ!$A$1,AB8,3) -> 0 | AF12: =OFFSET(Gemini抽出データ!$A$1,AE8,3) -> 0 | AI12: =OFFSET(Gemini抽出データ!$A$1,AH8,3) -> 0 | AL12: =OFFSET(Gemini抽出データ!$A$1,AK8,3) -> 0 | AO12: =OFFSET(Gemini抽出データ!$A$1,AN8,3) -> 0 | AR12: =OFFSET(Gemini抽出データ!$A$1,AQ8,3) -> 0 | AU12: =OFFSET(Gemini抽出データ!$A$1,AT8,3) -> 0 | AX12: =OFFSET(Gemini抽出データ!$A$1,AW8,3) -> 0 | BA12: =OFFSET(Gemini抽出データ!$A$1,AZ8,3) -> 0 | BD12: =OFFSET(Gemini抽出データ!$A$1,BC8,3) -> 0 | BG12: =OFFSET(Gemini抽出データ!$A$1,BF8,3) -> 0 | BJ12: =OFFSET(Gemini抽出データ!$A$1,BI8,3) -> 0 | BM12: =OFFSET(Gemini抽出データ!$A$1,BL8,3) -> 0 | BP12: =OFFSET(Gemini抽出データ!$A$1,BO8,3) -> 0 | BS12: =OFFSET(Gemini抽出データ!$A$1,BR8,3) -> 0 | BV12: =OFFSET(Gemini抽出データ!$A$1,BU8,3) -> 0 | BY12: =OFFSET(Gemini抽出データ!$A$1,BX8,3) -> 0 | CB12: =OFFSET(Gemini抽出データ!$A$1,CA8,3) -> 0 | CE12: =OFFSET(Gemini抽出データ!$A$1,CD8,3) -> 0 | CH12: =OFFSET(Gemini抽出データ!$A$1,CG8,3) -> 0 | CK12: =OFFSET(Gemini抽出データ!$A$1,CJ8,3) -> 0 | CN12: =OFFSET(Gemini抽出データ!$A$1,CM8,3) -> 0 | CQ12: =OFFSET(Gemini抽出データ!$A$1,CP8,3) -> 0 | CT12: =OFFSET(Gemini抽出データ!$A$1,CS8,3) -> 0 | CW12: =OFFSET(Gemini抽出データ!$A$1,CV8,3) -> 0 | CZ12: =OFFSET(Gemini抽出データ!$A$1,CY8,3) -> 0 | DC12: =OFFSET(Gemini抽出データ!$A$1,DB8,3) -> 0 | DF12: =OFFSET(Gemini抽出データ!$A$1,DE8,3) -> 0 | DI12: =OFFSET(Gemini抽出データ!$A$1,DH8,3) -> 0 | DL12: =OFFSET(Gemini抽出データ!$A$1,DK8,3) -> 0 | DO12: =OFFSET(Gemini抽出データ!$A$1,DN8,3) -> 0 | DR12: =OFFSET(Gemini抽出データ!$A$1,DQ8,3) -> 0 | DU12: =OFFSET(Gemini抽出データ!$A$1,DT8,3) -> 0 | DX12: =OFFSET(Gemini抽出データ!$A$1,DW8,3) -> 0 | EA12: =OFFSET(Gemini抽出データ!$A$1,DZ8,3) -> 0 | ED12: =OFFSET(Gemini抽出データ!$A$1,EC8,3) -> 0 | EG12: =OFFSET(Gemini抽出データ!$A$1,EF8,3) -> 0 | EJ12: =OFFSET(Gemini抽出データ!$A$1,EI8,3) -> 0 | EM12: =OFFSET(Gemini抽出データ!$A$1,EL8,3) -> 0 | EP12: =OFFSET(Gemini抽出データ!$A$1,EO8,3) -> 0 | ES12: =OFFSET(Gemini抽出データ!$A$1,ER8,3) -> 0 | EV12: =OFFSET(Gemini抽出データ!$A$1,EU8,3) -> 0 | EY12: =OFFSET(Gemini抽出データ!$A$1,EX8,3) -> 0 | FB12: =OFFSET(Gemini抽出データ!$A$1,FA8,3) -> 0 | FE12: =OFFSET(Gemini抽出データ!$A$1,FD8,3) -> 0 | FH12: =OFFSET(Gemini抽出データ!$A$1,FG8,3) -> 0 | FK12: =OFFSET(Gemini抽出データ!$A$1,FJ8,3) -> 0 | FN12: =OFFSET(Gemini抽出データ!$A$1,FM8,3) -> 0 | FQ12: =OFFSET(Gemini抽出データ!$A$1,FP8,3) -> 0 | FT12: =OFFSET(Gemini抽出データ!$A$1,FS8,3) -> 0 | FW12: =OFFSET(Gemini抽出データ!$A$1,FV8,3) -> 0 | FZ12: =OFFSET(Gemini抽出データ!$A$1,FY8,3) -> 0 | GC12: =OFFSET(Gemini抽出データ!$A$1,GB8,3) -> 0 | GF12: =OFFSET(Gemini抽出データ!$A$1,GE8,3) -> 0 | GI12: =OFFSET(Gemini抽出データ!$A$1,GH8,3) -> 0 | GL12: =OFFSET(Gemini抽出データ!$A$1,GK8,3) -> 0 | GO12: =OFFSET(Gemini抽出データ!$A$1,GN8,3) -> 0 | GR12: =OFFSET(Gemini抽出データ!$A$1,GQ8,3) -> 0 | GU12: =OFFSET(Gemini抽出データ!$A$1,GT8,3) -> 0 | GX12: =OFFSET(Gemini抽出データ!$A$1,GW8,3) -> 0 | HA12: =OFFSET(Gemini抽出データ!$A$1,GZ8,3) -> 0 | HD12: =OFFSET(Gemini抽出データ!$A$1,HC8,3) -> 0 | HG12: =OFFSET(Gemini抽出データ!$A$1,HF8,3) -> 0 | HJ12: =OFFSET(Gemini抽出データ!$A$1,HI8,3) -> 0 | HM12: =OFFSET(Gemini抽出データ!$A$1,HL8,3) -> 0 | HP12: =OFFSET(Gemini抽出データ!$A$1,HO8,3) -> 0 | HS12: =OFFSET(Gemini抽出データ!$A$1,HR8,3) -> 0 | HU12: =OFFSET(Gemini抽出データ!$A$1,#REF!,3) -> #REF!
D13: ="クラス"&D$1 -> クラス2 | G13: ="クラス"&G$1 -> クラス3 | J13: ="クラス"&J$1 -> クラス4 | P13: ="クラス"&P$1 -> クラス30 | S13: ="クラス"&S$1 -> クラス31 | V13: ="クラス"&V$1 -> クラス32 | AB13: ="クラス"&AB$1 -> クラス58 | AE13: ="クラス"&AE$1 -> クラス59 | AH13: ="クラス"&AH$1 -> クラス60 | AN13: ="クラス"&AN$1 -> クラス86 | AQ13: ="クラス"&AQ$1 -> クラス87 | AT13: ="クラス"&AT$1 -> クラス88 | AZ13: ="クラス"&AZ$1 -> クラス114 | BC13: ="クラス"&BC$1 -> クラス115 | BF13: ="クラス"&BF$1 -> クラス116 | BL13: ="クラス"&BL$1 -> クラス142 | BO13: ="クラス"&BO$1 -> クラス143 | BR13: ="クラス"&BR$1 -> クラス144 | BX13: ="クラス"&BX$1 -> クラス170 | CA13: ="クラス"&CA$1 -> クラス171 | CD13: ="クラス"&CD$1 -> クラス172 | CJ13: ="クラス"&CJ$1 -> クラス198 | CM13: ="クラス"&CM$1 -> クラス199 | CP13: ="クラス"&CP$1 -> クラス200 | CV13: ="クラス"&CV$1 -> クラス226 | CY13: ="クラス"&CY$1 -> クラス227 | DB13: ="クラス"&DB$1 -> クラス228 | DH13: ="クラス"&DH$1 -> クラス254 | DK13: ="クラス"&DK$1 -> クラス255 | DN13: ="クラス"&DN$1 -> クラス256 | DT13: ="クラス"&DT$1 -> クラス282 | DW13: ="クラス"&DW$1 -> クラス283 | DZ13: ="クラス"&DZ$1 -> クラス284 | EF13: ="クラス"&EF$1 -> クラス310 | EI13: ="クラス"&EI$1 -> クラス311 | EL13: ="クラス"&EL$1 -> クラス312 | ER13: ="クラス"&ER$1 -> クラス338 | EU13: ="クラス"&EU$1 -> クラス339 | EX13: ="クラス"&EX$1 -> クラス340 | FD13: ="クラス"&FD$1 -> クラス366 | FG13: ="クラス"&FG$1 -> クラス367 | FJ13: ="クラス"&FJ$1 -> クラス368 | FP13: ="クラス"&FP$1 -> クラス394 | FS13: ="クラス"&FS$1 -> クラス395 | FV13: ="クラス"&FV$1 -> クラス396 | GB13: ="クラス"&GB$1 -> クラス422 | GE13: ="クラス"&GE$1 -> クラス423 | GH13: ="クラス"&GH$1 -> クラス424 | GN13: ="クラス"&GN$1 -> クラス450 | GQ13: ="クラス"&GQ$1 -> クラス451 | GT13: ="クラス"&GT$1 -> クラス452 | GZ13: ="クラス"&GZ$1 -> クラス478 | HC13: ="クラス"&HC$1 -> クラス479 | HF13: ="クラス"&HF$1 -> クラス480 | HL13: ="クラス"&HL$1 -> クラス506 | HO13: ="クラス"&HO$1 -> クラス507 | HR13: ="クラス"&HR$1 -> クラス508
A14: ="クラス"&A$1 -> クラス1 | B14: =OFFSET(Gemini抽出データ!$A$1,A8,4) -> 0 | C14: =IF(OFFSET(Gemini抽出データ!$A$1,A8,5)=0,"",OFFSET(Gemini抽出データ!$A$1,A8,5)) | D14: =A14 -> クラス1 | E14: =OFFSET(Gemini抽出データ!$A$1,D8,4) -> 0 | F14: =IF(OFFSET(Gemini抽出データ!$A$1,D8,5)=0,"",OFFSET(Gemini抽出データ!$A$1,D8,5)) | G14: =A14 -> クラス1 | H14: =OFFSET(Gemini抽出データ!$A$1,G8,4) -> 0 | I14: =IF(OFFSET(Gemini抽出データ!$A$1,G8,5)=0,"",OFFSET(Gemini抽出データ!$A$1,G8,5)) | J14: =G14 -> クラス1 | K14: =OFFSET(Gemini抽出データ!$A$1,J8,4) -> 0 | L14: =IF(OFFSET(Gemini抽出データ!$A$1,J8,5)=0,"",OFFSET(Gemini抽出データ!$A$1,J8,5)) | M14: ="クラス"&M$1 -> クラス29 | N14: =OFFSET(Gemini抽出データ!$A$1,M8,4) -> 0 | O14: =IF(OFFSET(Gemini抽出データ!$A$1,M8,5)=0,"",OFFSET(Gemini抽出データ!$A$1,M8,5)) | P14: =M14 -> クラス29 | Q14: =OFFSET(Gemini抽出データ!$A$1,P8,4) -> 0 | R14: =IF(OFFSET(Gemini抽出データ!$A$1,P8,5)=0,"",OFFSET(Gemini抽出データ!$A$1,P8,5)) | S14: =M14 -> クラス29 | T14: =OFFSET(Gemini抽出データ!$A$1,S8,4) -> 0 | U14: =IF(OFFSET(Gemini抽出データ!$A$1,S8,5)=0,"",OFFSET(Gemini抽出データ!$A$1,S8,5)) | V14: =S14 -> クラス29 | W14: =OFFSET(Gemini抽出データ!$A$1,V8,4) -> 0 | X14: =IF(OFFSET(Gemini抽出データ!$A$1,V8,5)=0,"",OFFSET(Gemini抽出データ!$A$1,V8,5)) | Y14: ="クラス"&Y$1 -> クラス57 | Z14: =OFFSET(Gemini抽出データ!$A$1,Y8,4) -> 0 | AA14: =IF(OFFSET(Gemini抽出データ!$A$1,Y8,5)=0,"",OFFSET(Gemini抽出データ!$A$1,Y8,5)) | AB14: =Y14 -> クラス57 | AC14: =OFFSET(Gemini抽出データ!$A$1,AB8,4) -> 0 | AD14: =IF(OFFSET(Gemini抽出データ!$A$1,AB8,5)=0,"",OFFSET(Gemini抽出データ!$A$1,AB8,5)) | AE14: =Y14 -> クラス57 | AF14: =OFFSET(Gemini抽出データ!$A$1,AE8,4) -> 0 | AG14: =IF(OFFSET(Gemini抽出データ!$A$1,AE8,5)=0,"",OFFSET(Gemini抽出データ!$A$1,AE8,5)) | AH14: =AE14 -> クラス57 | AI14: =OFFSET(Gemini抽出データ!$A$1,AH8,4) -> 0 | AJ14: =IF(OFFSET(Gemini抽出データ!$A$1,AH8,5)=0,"",OFFSET(Gemini抽出データ!$A$1,AH8,5)) | AK14: ="クラス"&AK$1 -> クラス85 | AL14: =OFFSET(Gemini抽出データ!$A$1,AK8,4) -> 0 | AM14: =IF(OFFSET(Gemini抽出データ!$A$1,AK8,5)=0,"",OFFSET(Gemini抽出データ!$A$1,AK8,5)) | AN14: =AK14 -> クラス85 | AO14: =OFFSET(Gemini抽出データ!$A$1,AN8,4) -> 0 | AP14: =IF(OFFSET(Gemini抽出データ!$A$1,AN8,5)=0,"",OFFSET(Gemini抽出データ!$A$1,AN8,5)) | AQ14: =AK14 -> クラス85 | AR14: =OFFSET(Gemini抽出データ!$A$1,AQ8,4) -> 0 | AS14: =IF(OFFSET(Gemini抽出データ!$A$1,AQ8,5)=0,"",OFFSET(Gemini抽出データ!$A$1,AQ8,5)) | AT14: =AQ14 -> クラス85 | AU14: =OFFSET(Gemini抽出データ!$A$1,AT8,4) -> 0 | AV14: =IF(OFFSET(Gemini抽出データ!$A$1,AT8,5)=0,"",OFFSET(Gemini抽出データ!$A$1,AT8,5)) | AW14: ="クラス"&AW$1 -> クラス113 | AX14: =OFFSET(Gemini抽出データ!$A$1,AW8,4) -> 0 | AY14: =IF(OFFSET(Gemini抽出データ!$A$1,AW8,5)=0,"",OFFSET(Gemini抽出データ!$A$1,AW8,5)) | AZ14: =AW14 -> クラス113 | BA14: =OFFSET(Gemini抽出データ!$A$1,AZ8,4) -> 0 | BB14: =IF(OFFSET(Gemini抽出データ!$A$1,AZ8,5)=0,"",OFFSET(Gemini抽出データ!$A$1,AZ8,5)) | BC14: =AW14 -> クラス113 | BD14: =OFFSET(Gemini抽出データ!$A$1,BC8,4) -> 0 | BE14: =IF(OFFSET(Gemini抽出データ!$A$1,BC8,5)=0,"",OFFSET(Gemini抽出データ!$A$1,BC8,5)) | BF14: =BC14 -> クラス113 | BG14: =OFFSET(Gemini抽出データ!$A$1,BF8,4) -> 0 | BH14: =IF(OFFSET(Gemini抽出データ!$A$1,BF8,5)=0,"",OFFSET(Gemini抽出データ!$A$1,BF8,5)) | BI14: ="クラス"&BI$1 -> クラス141 | BJ14: =OFFSET(Gemini抽出データ!$A$1,BI8,4) -> 0 | BK14: =IF(OFFSET(Gemini抽出データ!$A$1,BI8,5)=0,"",OFFSET(Gemini抽出データ!$A$1,BI8,5)) | BL14: =BI14 -> クラス141 | BM14: =OFFSET(Gemini抽出データ!$A$1,BL8,4) -> 0 | BN14: =IF(OFFSET(Gemini抽出データ!$A$1,BL8,5)=0,"",OFFSET(Gemini抽出データ!$A$1,BL8,5)) | BO14: =BI14 -> クラス141 | BP14: =OFFSET(Gemini抽出データ!$A$1,BO8,4) -> 0 | BQ14: =IF(OFFSET(Gemini抽出データ!$A$1,BO8,5)=0,"",OFFSET(Gemini抽出データ!$A$1,BO8,5)) | BR14: =BO14 -> クラス141 | BS14: =OFFSET(Gemini抽出データ!$A$1,BR8,4) -> 0 | BT14: =IF(OFFSET(Gemini抽出データ!$A$1,BR8,5)=0,"",OFFSET(Gemini抽出データ!$A$1,BR8,5)) | BU14: ="クラス"&BU$1 -> クラス169 | BV14: =OFFSET(Gemini抽出データ!$A$1,BU8,4) -> 0 | BW14: =IF(OFFSET(Gemini抽出データ!$A$1,BU8,5)=0,"",OFFSET(Gemini抽出データ!$A$1,BU8,5)) | BX14: =BU14 -> クラス169 | BY14: =OFFSET(Gemini抽出データ!$A$1,BX8,4) -> 0 | BZ14: =IF(OFFSET(Gemini抽出データ!$A$1,BX8,5)=0,"",OFFSET(Gemini抽出データ!$A$1,BX8,5)) | CA14: =BU14 -> クラス169 | CB14: =OFFSET(Gemini抽出データ!$A$1,CA8,4) -> 0 | CC14: =IF(OFFSET(Gemini抽出データ!$A$1,CA8,5)=0,"",OFFSET(Gemini抽出データ!$A$1,CA8,5)) | CD14: =CA14 -> クラス169 | CE14: =OFFSET(Gemini抽出データ!$A$1,CD8,4) -> 0 | CF14: =IF(OFFSET(Gemini抽出データ!$A$1,CD8,5)=0,"",OFFSET(Gemini抽出データ!$A$1,CD8,5)) | CG14: ="クラス"&CG$1 -> クラス197 | CH14: =OFFSET(Gemini抽出データ!$A$1,CG8,4) -> 0 | CI14: =IF(OFFSET(Gemini抽出データ!$A$1,CG8,5)=0,"",OFFSET(Gemini抽出データ!$A$1,CG8,5)) | CJ14: =CG14 -> クラス197 | CK14: =OFFSET(Gemini抽出データ!$A$1,CJ8,4) -> 0 | CL14: =IF(OFFSET(Gemini抽出データ!$A$1,CJ8,5)=0,"",OFFSET(Gemini抽出データ!$A$1,CJ8,5)) | CM14: =CG14 -> クラス197 | CN14: =OFFSET(Gemini抽出データ!$A$1,CM8,4) -> 0 | CO14: =IF(OFFSET(Gemini抽出データ!$A$1,CM8,5)=0,"",OFFSET(Gemini抽出データ!$A$1,CM8,5)) | CP14: =CM14 -> クラス197 | CQ14: =OFFSET(Gemini抽出データ!$A$1,CP8,4) -> 0 | CR14: =IF(OFFSET(Gemini抽出データ!$A$1,CP8,5)=0,"",OFFSET(Gemini抽出データ!$A$1,CP8,5)) | CS14: ="クラス"&CS$1 -> クラス225 | CT14: =OFFSET(Gemini抽出データ!$A$1,CS8,4) -> 0 | CU14: =IF(OFFSET(Gemini抽出データ!$A$1,CS8,5)=0,"",OFFSET(Gemini抽出データ!$A$1,CS8,5)) | CV14: =CS14 -> クラス225 | CW14: =OFFSET(Gemini抽出データ!$A$1,CV8,4) -> 0 | CX14: =IF(OFFSET(Gemini抽出データ!$A$1,CV8,5)=0,"",OFFSET(Gemini抽出データ!$A$1,CV8,5)) | CY14: =CS14 -> クラス225 | CZ14: =OFFSET(Gemini抽出データ!$A$1,CY8,4) -> 0 | DA14: =IF(OFFSET(Gemini抽出データ!$A$1,CY8,5)=0,"",OFFSET(Gemini抽出データ!$A$1,CY8,5)) | DB14: =CY14 -> クラス225 | DC14: =OFFSET(Gemini抽出データ!$A$1,DB8,4) -> 0 | DD14: =IF(OFFSET(Gemini抽出データ!$A$1,DB8,5)=0,"",OFFSET(Gemini抽出データ!$A$1,DB8,5)) | DE14: ="クラス"&DE$1 -> クラス253 | DF14: =OFFSET(Gemini抽出データ!$A$1,DE8,4) -> 0 | DG14: =IF(OFFSET(Gemini抽出データ!$A$1,DE8,5)=0,"",OFFSET(Gemini抽出データ!$A$1,DE8,5)) | DH14: =DE14 -> クラス253 | DI14: =OFFSET(Gemini抽出データ!$A$1,DH8,4) -> 0 | DJ14: =IF(OFFSET(Gemini抽出データ!$A$1,DH8,5)=0,"",OFFSET(Gemini抽出データ!$A$1,DH8,5)) | DK14: =DE14 -> クラス253 | DL14: =OFFSET(Gemini抽出データ!$A$1,DK8,4) -> 0 | DM14: =IF(OFFSET(Gemini抽出データ!$A$1,DK8,5)=0,"",OFFSET(Gemini抽出データ!$A$1,DK8,5)) | DN14: =DK14 -> クラス253 | DO14: =OFFSET(Gemini抽出データ!$A$1,DN8,4) -> 0 | DP14: =IF(OFFSET(Gemini抽出データ!$A$1,DN8,5)=0,"",OFFSET(Gemini抽出データ!$A$1,DN8,5)) | DQ14: ="クラス"&DQ$1 -> クラス281 | DR14: =OFFSET(Gemini抽出データ!$A$1,DQ8,4) -> 0 | DS14: =IF(OFFSET(Gemini抽出データ!$A$1,DQ8,5)=0,"",OFFSET(Gemini抽出データ!$A$1,DQ8,5)) | DT14: =DQ14 -> クラス281 | DU14: =OFFSET(Gemini抽出データ!$A$1,DT8,4) -> 0 | DV14: =IF(OFFSET(Gemini抽出データ!$A$1,DT8,5)=0,"",OFFSET(Gemini抽出データ!$A$1,DT8,5)) | DW14: =DQ14 -> クラス281 | DX14: =OFFSET(Gemini抽出データ!$A$1,DW8,4) -> 0 | DY14: =IF(OFFSET(Gemini抽出データ!$A$1,DW8,5)=0,"",OFFSET(Gemini抽出データ!$A$1,DW8,5)) | DZ14: =DW14 -> クラス281 | EA14: =OFFSET(Gemini抽出データ!$A$1,DZ8,4) -> 0 | EB14: =IF(OFFSET(Gemini抽出データ!$A$1,DZ8,5)=0,"",OFFSET(Gemini抽出データ!$A$1,DZ8,5)) | EC14: ="クラス"&EC$1 -> クラス309 | ED14: =OFFSET(Gemini抽出データ!$A$1,EC8,4) -> 0 | EE14: =IF(OFFSET(Gemini抽出データ!$A$1,EC8,5)=0,"",OFFSET(Gemini抽出データ!$A$1,EC8,5)) | EF14: =EC14 -> クラス309 | EG14: =OFFSET(Gemini抽出データ!$A$1,EF8,4) -> 0 | EH14: =IF(OFFSET(Gemini抽出データ!$A$1,EF8,5)=0,"",OFFSET(Gemini抽出データ!$A$1,EF8,5)) | EI14: =EC14 -> クラス309 | EJ14: =OFFSET(Gemini抽出データ!$A$1,EI8,4) -> 0 | EK14: =IF(OFFSET(Gemini抽出データ!$A$1,EI8,5)=0,"",OFFSET(Gemini抽出データ!$A$1,EI8,5)) | EL14: =EI14 -> クラス309 | EM14: =OFFSET(Gemini抽出データ!$A$1,EL8,4) -> 0 | EN14: =IF(OFFSET(Gemini抽出データ!$A$1,EL8,5)=0,"",OFFSET(Gemini抽出データ!$A$1,EL8,5)) | EO14: ="クラス"&EO$1 -> クラス337 | EP14: =OFFSET(Gemini抽出データ!$A$1,EO8,4) -> 0 | EQ14: =IF(OFFSET(Gemini抽出データ!$A$1,EO8,5)=0,"",OFFSET(Gemini抽出データ!$A$1,EO8,5)) | ER14: =EO14 -> クラス337 | ES14: =OFFSET(Gemini抽出データ!$A$1,ER8,4) -> 0 | ET14: =IF(OFFSET(Gemini抽出データ!$A$1,ER8,5)=0,"",OFFSET(Gemini抽出データ!$A$1,ER8,5)) | EU14: =EO14 -> クラス337 | EV14: =OFFSET(Gemini抽出データ!$A$1,EU8,4) -> 0 | EW14: =IF(OFFSET(Gemini抽出データ!$A$1,EU8,5)=0,"",OFFSET(Gemini抽出データ!$A$1,EU8,5)) | EX14: =EU14 -> クラス337 | EY14: =OFFSET(Gemini抽出データ!$A$1,EX8,4) -> 0 | EZ14: =IF(OFFSET(Gemini抽出データ!$A$1,EX8,5)=0,"",OFFSET(Gemini抽出データ!$A$1,EX8,5)) | FA14: ="クラス"&FA$1 -> クラス365 | FB14: =OFFSET(Gemini抽出データ!$A$1,FA8,4) -> 0 | FC14: =IF(OFFSET(Gemini抽出データ!$A$1,FA8,5)=0,"",OFFSET(Gemini抽出データ!$A$1,FA8,5)) | FD14: =FA14 -> クラス365 | FE14: =OFFSET(Gemini抽出データ!$A$1,FD8,4) -> 0 | FF14: =IF(OFFSET(Gemini抽出データ!$A$1,FD8,5)=0,"",OFFSET(Gemini抽出データ!$A$1,FD8,5)) | FG14: =FA14 -> クラス365 | FH14: =OFFSET(Gemini抽出データ!$A$1,FG8,4) -> 0 | FI14: =IF(OFFSET(Gemini抽出データ!$A$1,FG8,5)=0,"",OFFSET(Gemini抽出データ!$A$1,FG8,5)) | FJ14: =FG14 -> クラス365 | FK14: =OFFSET(Gemini抽出データ!$A$1,FJ8,4) -> 0 | FL14: =IF(OFFSET(Gemini抽出データ!$A$1,FJ8,5)=0,"",OFFSET(Gemini抽出データ!$A$1,FJ8,5)) | FM14: ="クラス"&FM$1 -> クラス393 | FN14: =OFFSET(Gemini抽出データ!$A$1,FM8,4) -> 0 | FO14: =IF(OFFSET(Gemini抽出データ!$A$1,FM8,5)=0,"",OFFSET(Gemini抽出データ!$A$1,FM8,5)) | FP14: =FM14 -> クラス393 | FQ14: =OFFSET(Gemini抽出データ!$A$1,FP8,4) -> 0 | FR14: =IF(OFFSET(Gemini抽出データ!$A$1,FP8,5)=0,"",OFFSET(Gemini抽出データ!$A$1,FP8,5)) | FS14: =FM14 -> クラス393 | FT14: =OFFSET(Gemini抽出データ!$A$1,FS8,4) -> 0 | FU14: =IF(OFFSET(Gemini抽出データ!$A$1,FS8,5)=0,"",OFFSET(Gemini抽出データ!$A$1,FS8,5)) | FV14: =FS14 -> クラス393 | FW14: =OFFSET(Gemini抽出データ!$A$1,FV8,4) -> 0 | FX14: =IF(OFFSET(Gemini抽出データ!$A$1,FV8,5)=0,"",OFFSET(Gemini抽出データ!$A$1,FV8,5)) | FY14: ="クラス"&FY$1 -> クラス421 | FZ14: =OFFSET(Gemini抽出データ!$A$1,FY8,4) -> 0 | GA14: =IF(OFFSET(Gemini抽出データ!$A$1,FY8,5)=0,"",OFFSET(Gemini抽出データ!$A$1,FY8,5)) | GB14: =FY14 -> クラス421 | GC14: =OFFSET(Gemini抽出データ!$A$1,GB8,4) -> 0 | GD14: =IF(OFFSET(Gemini抽出データ!$A$1,GB8,5)=0,"",OFFSET(Gemini抽出データ!$A$1,GB8,5)) | GE14: =FY14 -> クラス421 | GF14: =OFFSET(Gemini抽出データ!$A$1,GE8,4) -> 0 | GG14: =IF(OFFSET(Gemini抽出データ!$A$1,GE8,5)=0,"",OFFSET(Gemini抽出データ!$A$1,GE8,5)) | GH14: =GE14 -> クラス421 | GI14: =OFFSET(Gemini抽出データ!$A$1,GH8,4) -> 0 | GJ14: =IF(OFFSET(Gemini抽出データ!$A$1,GH8,5)=0,"",OFFSET(Gemini抽出データ!$A$1,GH8,5)) | GK14: ="クラス"&GK$1 -> クラス449 | GL14: =OFFSET(Gemini抽出データ!$A$1,GK8,4) -> 0 | GM14: =IF(OFFSET(Gemini抽出データ!$A$1,GK8,5)=0,"",OFFSET(Gemini抽出データ!$A$1,GK8,5)) | GN14: =GK14 -> クラス449 | GO14: =OFFSET(Gemini抽出データ!$A$1,GN8,4) -> 0 | GP14: =IF(OFFSET(Gemini抽出データ!$A$1,GN8,5)=0,"",OFFSET(Gemini抽出データ!$A$1,GN8,5)) | GQ14: =GK14 -> クラス449 | GR14: =OFFSET(Gemini抽出データ!$A$1,GQ8,4) -> 0 | GS14: =IF(OFFSET(Gemini抽出データ!$A$1,GQ8,5)=0,"",OFFSET(Gemini抽出データ!$A$1,GQ8,5)) | GT14: =GQ14 -> クラス449 | GU14: =OFFSET(Gemini抽出データ!$A$1,GT8,4) -> 0 | GV14: =IF(OFFSET(Gemini抽出データ!$A$1,GT8,5)=0,"",OFFSET(Gemini抽出データ!$A$1,GT8,5)) | GW14: ="クラス"&GW$1 -> クラス477 | GX14: =OFFSET(Gemini抽出データ!$A$1,GW8,4) -> 0 | GY14: =IF(OFFSET(Gemini抽出データ!$A$1,GW8,5)=0,"",OFFSET(Gemini抽出データ!$A$1,GW8,5)) | GZ14: =GW14 -> クラス477 | HA14: =OFFSET(Gemini抽出データ!$A$1,GZ8,4) -> 0 | HB14: =IF(OFFSET(Gemini抽出データ!$A$1,GZ8,5)=0,"",OFFSET(Gemini抽出データ!$A$1,GZ8,5)) | HC14: =GW14 -> クラス477 | HD14: =OFFSET(Gemini抽出データ!$A$1,HC8,4) -> 0 | HE14: =IF(OFFSET(Gemini抽出データ!$A$1,HC8,5)=0,"",OFFSET(Gemini抽出データ!$A$1,HC8,5)) | HF14: =HC14 -> クラス477 | HG14: =OFFSET(Gemini抽出データ!$A$1,HF8,4) -> 0 | HH14: =IF(OFFSET(Gemini抽出データ!$A$1,HF8,5)=0,"",OFFSET(Gemini抽出データ!$A$1,HF8,5)) | HI14: ="クラス"&HI$1 -> クラス505 | HJ14: =OFFSET(Gemini抽出データ!$A$1,HI8,4) -> 0 | HK14: =IF(OFFSET(Gemini抽出データ!$A$1,HI8,5)=0,"",OFFSET(Gemini抽出データ!$A$1,HI8,5)) | HL14: =HI14 -> クラス505 | HM14: =OFFSET(Gemini抽出データ!$A$1,HL8,4) -> 0 | HN14: =IF(OFFSET(Gemini抽出データ!$A$1,HL8,5)=0,"",OFFSET(Gemini抽出データ!$A$1,HL8,5)) | HO14: =HI14 -> クラス505 | HP14: =OFFSET(Gemini抽出データ!$A$1,HO8,4) -> 0 | HQ14: =IF(OFFSET(Gemini抽出データ!$A$1,HO8,5)=0,"",OFFSET(Gemini抽出データ!$A$1,HO8,5)) | HR14: =HO14 -> クラス505 | HS14: =OFFSET(Gemini抽出データ!$A$1,HR8,4) -> 0 | HT14: =IF(OFFSET(Gemini抽出データ!$A$1,HR8,5)=0,"",OFFSET(Gemini抽出データ!$A$1,HR8,5)) | HU14: =OFFSET(Gemini抽出データ!$A$1,#REF!,4) -> #REF! | HV14: =IF(OFFSET(Gemini抽出データ!$A$1,#REF!,5)=0,"",OFFSET(Gemini抽出データ!$A$1,#REF!,5)) -> #REF!
A15: =J8+1 -> 9 | B15: =OFFSET(Gemini抽出データ!$A$1,A15,0) -> 0 | D15: =A15+1 -> 10 | E15: =OFFSET(Gemini抽出データ!$A$1,D15,0) -> 0 | G15: =D15+1 -> 11 | H15: =OFFSET(Gemini抽出データ!$A$1,G15,0) -> 0 | J15: =G15+1 -> 12 | K15: =OFFSET(Gemini抽出データ!$A$1,J15,0) -> 0 | M15: =V8+1 -> 37 | N15: =OFFSET(Gemini抽出データ!$A$1,M15,0) -> 0 | P15: =M15+1 -> 38 | Q15: =OFFSET(Gemini抽出データ!$A$1,P15,0) -> 0 | S15: =P15+1 -> 39 | T15: =OFFSET(Gemini抽出データ!$A$1,S15,0) -> 0 | V15: =S15+1 -> 40 | W15: =OFFSET(Gemini抽出データ!$A$1,V15,0) -> 0 | Y15: =AH8+1 -> 65 | Z15: =OFFSET(Gemini抽出データ!$A$1,Y15,0) -> 0 | AB15: =Y15+1 -> 66 | AC15: =OFFSET(Gemini抽出データ!$A$1,AB15,0) -> 0 | AE15: =AB15+1 -> 67 | AF15: =OFFSET(Gemini抽出データ!$A$1,AE15,0) -> 0 | AH15: =AE15+1 -> 68 | AI15: =OFFSET(Gemini抽出データ!$A$1,AH15,0) -> 0 | AK15: =AT8+1 -> 93 | AL15: =OFFSET(Gemini抽出データ!$A$1,AK15,0) -> 0 | AN15: =AK15+1 -> 94 | AO15: =OFFSET(Gemini抽出データ!$A$1,AN15,0) -> 0 | AQ15: =AN15+1 -> 95 | AR15: =OFFSET(Gemini抽出データ!$A$1,AQ15,0) -> 0 | AT15: =AQ15+1 -> 96 | AU15: =OFFSET(Gemini抽出データ!$A$1,AT15,0) -> 0 | AW15: =BF8+1 -> 121 | AX15: =OFFSET(Gemini抽出データ!$A$1,AW15,0) -> 0 | AZ15: =AW15+1 -> 122 | BA15: =OFFSET(Gemini抽出データ!$A$1,AZ15,0) -> 0 | BC15: =AZ15+1 -> 123 | BD15: =OFFSET(Gemini抽出データ!$A$1,BC15,0) -> 0 | BF15: =BC15+1 -> 124 | BG15: =OFFSET(Gemini抽出データ!$A$1,BF15,0) -> 0 | BI15: =BR8+1 -> 149 | BJ15: =OFFSET(Gemini抽出データ!$A$1,BI15,0) -> 0 | BL15: =BI15+1 -> 150 | BM15: =OFFSET(Gemini抽出データ!$A$1,BL15,0) -> 0 | BO15: =BL15+1 -> 151 | BP15: =OFFSET(Gemini抽出データ!$A$1,BO15,0) -> 0 | BR15: =BO15+1 -> 152 | BS15: =OFFSET(Gemini抽出データ!$A$1,BR15,0) -> 0 | BU15: =CD8+1 -> 177 | BV15: =OFFSET(Gemini抽出データ!$A$1,BU15,0) -> 0 | BX15: =BU15+1 -> 178 | BY15: =OFFSET(Gemini抽出データ!$A$1,BX15,0) -> 0 | CA15: =BX15+1 -> 179 | CB15: =OFFSET(Gemini抽出データ!$A$1,CA15,0) -> 0 | CD15: =CA15+1 -> 180 | CE15: =OFFSET(Gemini抽出データ!$A$1,CD15,0) -> 0 | CG15: =CP8+1 -> 205 | CH15: =OFFSET(Gemini抽出データ!$A$1,CG15,0) -> 0 | CJ15: =CG15+1 -> 206 | CK15: =OFFSET(Gemini抽出データ!$A$1,CJ15,0) -> 0 | CM15: =CJ15+1 -> 207 | CN15: =OFFSET(Gemini抽出データ!$A$1,CM15,0) -> 0 | CP15: =CM15+1 -> 208 | CQ15: =OFFSET(Gemini抽出データ!$A$1,CP15,0) -> 0 | CS15: =DB8+1 -> 233 | CT15: =OFFSET(Gemini抽出データ!$A$1,CS15,0) -> 0 | CV15: =CS15+1 -> 234 | CW15: =OFFSET(Gemini抽出データ!$A$1,CV15,0) -> 0 | CY15: =CV15+1 -> 235 | CZ15: =OFFSET(Gemini抽出データ!$A$1,CY15,0) -> 0 | DB15: =CY15+1 -> 236 | DC15: =OFFSET(Gemini抽出データ!$A$1,DB15,0) -> 0 | DE15: =DN8+1 -> 261 | DF15: =OFFSET(Gemini抽出データ!$A$1,DE15,0) -> 0 | DH15: =DE15+1 -> 262 | DI15: =OFFSET(Gemini抽出データ!$A$1,DH15,0) -> 0 | DK15: =DH15+1 -> 263 | DL15: =OFFSET(Gemini抽出データ!$A$1,DK15,0) -> 0 | DN15: =DK15+1 -> 264 | DO15: =OFFSET(Gemini抽出データ!$A$1,DN15,0) -> 0 | DQ15: =DZ8+1 -> 289 | DR15: =OFFSET(Gemini抽出データ!$A$1,DQ15,0) -> 0 | DT15: =DQ15+1 -> 290 | DU15: =OFFSET(Gemini抽出データ!$A$1,DT15,0) -> 0 | DW15: =DT15+1 -> 291 | DX15: =OFFSET(Gemini抽出データ!$A$1,DW15,0) -> 0 | DZ15: =DW15+1 -> 292 | EA15: =OFFSET(Gemini抽出データ!$A$1,DZ15,0) -> 0 | EC15: =EL8+1 -> 317 | ED15: =OFFSET(Gemini抽出データ!$A$1,EC15,0) -> 0 | EF15: =EC15+1 -> 318 | EG15: =OFFSET(Gemini抽出データ!$A$1,EF15,0) -> 0 | EI15: =EF15+1 -> 319 | EJ15: =OFFSET(Gemini抽出データ!$A$1,EI15,0) -> 0 | EL15: =EI15+1 -> 320 | EM15: =OFFSET(Gemini抽出データ!$A$1,EL15,0) -> 0 | EO15: =EX8+1 -> 345 | EP15: =OFFSET(Gemini抽出データ!$A$1,EO15,0) -> 0 | ER15: =EO15+1 -> 346 | ES15: =OFFSET(Gemini抽出データ!$A$1,ER15,0) -> 0 | EU15: =ER15+1 -> 347 | EV15: =OFFSET(Gemini抽出データ!$A$1,EU15,0) -> 0 | EX15: =EU15+1 -> 348 | EY15: =OFFSET(Gemini抽出データ!$A$1,EX15,0) -> 0 | FA15: =FJ8+1 -> 373 | FB15: =OFFSET(Gemini抽出データ!$A$1,FA15,0) -> 0 | FD15: =FA15+1 -> 374 | FE15: =OFFSET(Gemini抽出データ!$A$1,FD15,0) -> 0 | FG15: =FD15+1 -> 375 | FH15: =OFFSET(Gemini抽出データ!$A$1,FG15,0) -> 0 | FJ15: =FG15+1 -> 376 | FK15: =OFFSET(Gemini抽出データ!$A$1,FJ15,0) -> 0 | FM15: =FV8+1 -> 401 | FN15: =OFFSET(Gemini抽出データ!$A$1,FM15,0) -> 0 | FP15: =FM15+1 -> 402 | FQ15: =OFFSET(Gemini抽出データ!$A$1,FP15,0) -> 0 | FS15: =FP15+1 -> 403 | FT15: =OFFSET(Gemini抽出データ!$A$1,FS15,0) -> 0 | FV15: =FS15+1 -> 404 | FW15: =OFFSET(Gemini抽出データ!$A$1,FV15,0) -> 0 | FY15: =GH8+1 -> 429 | FZ15: =OFFSET(Gemini抽出データ!$A$1,FY15,0) -> 0 | GB15: =FY15+1 -> 430 | GC15: =OFFSET(Gemini抽出データ!$A$1,GB15,0) -> 0 | GE15: =GB15+1 -> 431 | GF15: =OFFSET(Gemini抽出データ!$A$1,GE15,0) -> 0 | GH15: =GE15+1 -> 432 | GI15: =OFFSET(Gemini抽出データ!$A$1,GH15,0) -> 0 | GK15: =GT8+1 -> 457 | GL15: =OFFSET(Gemini抽出データ!$A$1,GK15,0) -> 0 | GN15: =GK15+1 -> 458 | GO15: =OFFSET(Gemini抽出データ!$A$1,GN15,0) -> 0 | GQ15: =GN15+1 -> 459 | GR15: =OFFSET(Gemini抽出データ!$A$1,GQ15,0) -> 0 | GT15: =GQ15+1 -> 460 | GU15: =OFFSET(Gemini抽出データ!$A$1,GT15,0) -> 0 | GW15: =HF8+1 -> 485 | GX15: =OFFSET(Gemini抽出データ!$A$1,GW15,0) -> 0 | GZ15: =GW15+1 -> 486 | HA15: =OFFSET(Gemini抽出データ!$A$1,GZ15,0) -> 0 | HC15: =GZ15+1 -> 487 | HD15: =OFFSET(Gemini抽出データ!$A$1,HC15,0) -> 0 | HF15: =HC15+1 -> 488 | HG15: =OFFSET(Gemini抽出データ!$A$1,HF15,0) -> 0 | HI15: =HR8+1 -> 513 | HJ15: =OFFSET(Gemini抽出データ!$A$1,HI15,0) -> 0 | HL15: =HI15+1 -> 514 | HM15: =OFFSET(Gemini抽出データ!$A$1,HL15,0) -> 0 | HO15: =HL15+1 -> 515 | HP15: =OFFSET(Gemini抽出データ!$A$1,HO15,0) -> 0 | HR15: =HO15+1 -> 516 | HS15: =OFFSET(Gemini抽出データ!$A$1,HR15,0) -> 0 | HU15: =OFFSET(Gemini抽出データ!$A$1,#REF!,0) -> #REF!
A16: ="クライアント名"&A$1 -> クライアント名1 | B16: =OFFSET(Gemini抽出データ!$A$1,A15,2) -> 0 | D16: ="クライアント名"&D$1 -> クライアント名2 | E16: =OFFSET(Gemini抽出データ!$A$1,D15,2) -> 0 | G16: ="クライアント名"&G$1 -> クライアント名3 | H16: =OFFSET(Gemini抽出データ!$A$1,G15,2) -> 0 | J16: ="クライアント名"&J$1 -> クライアント名4 | K16: =OFFSET(Gemini抽出データ!$A$1,J15,2) -> 0 | M16: ="クライアント名"&M$1 -> クライアント名29 | N16: =OFFSET(Gemini抽出データ!$A$1,M15,2) -> 0 | P16: ="クライアント名"&P$1 -> クライアント名30 | Q16: =OFFSET(Gemini抽出データ!$A$1,P15,2) -> 0 | S16: ="クライアント名"&S$1 -> クライアント名31 | T16: =OFFSET(Gemini抽出データ!$A$1,S15,2) -> 0 | V16: ="クライアント名"&V$1 -> クライアント名32 | W16: =OFFSET(Gemini抽出データ!$A$1,V15,2) -> 0 | Y16: ="クライアント名"&Y$1 -> クライアント名57 | Z16: =OFFSET(Gemini抽出データ!$A$1,Y15,2) -> 0 | AB16: ="クライアント名"&AB$1 -> クライアント名58 | AC16: =OFFSET(Gemini抽出データ!$A$1,AB15,2) -> 0 | AE16: ="クライアント名"&AE$1 -> クライアント名59 | AF16: =OFFSET(Gemini抽出データ!$A$1,AE15,2) -> 0 | AH16: ="クライアント名"&AH$1 -> クライアント名60 | AI16: =OFFSET(Gemini抽出データ!$A$1,AH15,2) -> 0 | AK16: ="クライアント名"&AK$1 -> クライアント名85 | AL16: =OFFSET(Gemini抽出データ!$A$1,AK15,2) -> 0 | AN16: ="クライアント名"&AN$1 -> クライアント名86 | AO16: =OFFSET(Gemini抽出データ!$A$1,AN15,2) -> 0 | AQ16: ="クライアント名"&AQ$1 -> クライアント名87 | AR16: =OFFSET(Gemini抽出データ!$A$1,AQ15,2) -> 0 | AT16: ="クライアント名"&AT$1 -> クライアント名88 | AU16: =OFFSET(Gemini抽出データ!$A$1,AT15,2) -> 0 | AW16: ="クライアント名"&AW$1 -> クライアント名113 | AX16: =OFFSET(Gemini抽出データ!$A$1,AW15,2) -> 0 | AZ16: ="クライアント名"&AZ$1 -> クライアント名114 | BA16: =OFFSET(Gemini抽出データ!$A$1,AZ15,2) -> 0 | BC16: ="クライアント名"&BC$1 -> クライアント名115 | BD16: =OFFSET(Gemini抽出データ!$A$1,BC15,2) -> 0 | BF16: ="クライアント名"&BF$1 -> クライアント名116 | BG16: =OFFSET(Gemini抽出データ!$A$1,BF15,2) -> 0 | BI16: ="クライアント名"&BI$1 -> クライアント名141 | BJ16: =OFFSET(Gemini抽出データ!$A$1,BI15,2) -> 0 | BL16: ="クライアント名"&BL$1 -> クライアント名142 | BM16: =OFFSET(Gemini抽出データ!$A$1,BL15,2) -> 0 | BO16: ="クライアント名"&BO$1 -> クライアント名143 | BP16: =OFFSET(Gemini抽出データ!$A$1,BO15,2) -> 0 | BR16: ="クライアント名"&BR$1 -> クライアント名144 | BS16: =OFFSET(Gemini抽出データ!$A$1,BR15,2) -> 0 | BU16: ="クライアント名"&BU$1 -> クライアント名169 | BV16: =OFFSET(Gemini抽出データ!$A$1,BU15,2) -> 0 | BX16: ="クライアント名"&BX$1 -> クライアント名170 | BY16: =OFFSET(Gemini抽出データ!$A$1,BX15,2) -> 0 | CA16: ="クライアント名"&CA$1 -> クライアント名171 | CB16: =OFFSET(Gemini抽出データ!$A$1,CA15,2) -> 0 | CD16: ="クライアント名"&CD$1 -> クライアント名172 | CE16: =OFFSET(Gemini抽出データ!$A$1,CD15,2) -> 0 | CG16: ="クライアント名"&CG$1 -> クライアント名197 | CH16: =OFFSET(Gemini抽出データ!$A$1,CG15,2) -> 0 | CJ16: ="クライアント名"&CJ$1 -> クライアント名198 | CK16: =OFFSET(Gemini抽出データ!$A$1,CJ15,2) -> 0 | CM16: ="クライアント名"&CM$1 -> クライアント名199 | CN16: =OFFSET(Gemini抽出データ!$A$1,CM15,2) -> 0 | CP16: ="クライアント名"&CP$1 -> クライアント名200 | CQ16: =OFFSET(Gemini抽出データ!$A$1,CP15,2) -> 0 | CS16: ="クライアント名"&CS$1 -> クライアント名225 | CT16: =OFFSET(Gemini抽出データ!$A$1,CS15,2) -> 0 | CV16: ="クライアント名"&CV$1 -> クライアント名226 | CW16: =OFFSET(Gemini抽出データ!$A$1,CV15,2) -> 0 | CY16: ="クライアント名"&CY$1 -> クライアント名227 | CZ16: =OFFSET(Gemini抽出データ!$A$1,CY15,2) -> 0 | DB16: ="クライアント名"&DB$1 -> クライアント名228 | DC16: =OFFSET(Gemini抽出データ!$A$1,DB15,2) -> 0 | DE16: ="クライアント名"&DE$1 -> クライアント名253 | DF16: =OFFSET(Gemini抽出データ!$A$1,DE15,2) -> 0 | DH16: ="クライアント名"&DH$1 -> クライアント名254 | DI16: =OFFSET(Gemini抽出データ!$A$1,DH15,2) -> 0 | DK16: ="クライアント名"&DK$1 -> クライアント名255 | DL16: =OFFSET(Gemini抽出データ!$A$1,DK15,2) -> 0 | DN16: ="クライアント名"&DN$1 -> クライアント名256 | DO16: =OFFSET(Gemini抽出データ!$A$1,DN15,2) -> 0 | DQ16: ="クライアント名"&DQ$1 -> クライアント名281 | DR16: =OFFSET(Gemini抽出データ!$A$1,DQ15,2) -> 0 | DT16: ="クライアント名"&DT$1 -> クライアント名282 | DU16: =OFFSET(Gemini抽出データ!$A$1,DT15,2) -> 0 | DW16: ="クライアント名"&DW$1 -> クライアント名283 | DX16: =OFFSET(Gemini抽出データ!$A$1,DW15,2) -> 0 | DZ16: ="クライアント名"&DZ$1 -> クライアント名284 | EA16: =OFFSET(Gemini抽出データ!$A$1,DZ15,2) -> 0 | EC16: ="クライアント名"&EC$1 -> クライアント名309 | ED16: =OFFSET(Gemini抽出データ!$A$1,EC15,2) -> 0 | EF16: ="クライアント名"&EF$1 -> クライアント名310 | EG16: =OFFSET(Gemini抽出データ!$A$1,EF15,2) -> 0 | EI16: ="クライアント名"&EI$1 -> クライアント名311 | EJ16: =OFFSET(Gemini抽出データ!$A$1,EI15,2) -> 0 | EL16: ="クライアント名"&EL$1 -> クライアント名312 | EM16: =OFFSET(Gemini抽出データ!$A$1,EL15,2) -> 0 | EO16: ="クライアント名"&EO$1 -> クライアント名337 | EP16: =OFFSET(Gemini抽出データ!$A$1,EO15,2) -> 0 | ER16: ="クライアント名"&ER$1 -> クライアント名338 | ES16: =OFFSET(Gemini抽出データ!$A$1,ER15,2) -> 0 | EU16: ="クライアント名"&EU$1 -> クライアント名339 | EV16: =OFFSET(Gemini抽出データ!$A$1,EU15,2) -> 0 | EX16: ="クライアント名"&EX$1 -> クライアント名340 | EY16: =OFFSET(Gemini抽出データ!$A$1,EX15,2) -> 0 | FA16: ="クライアント名"&FA$1 -> クライアント名365 | FB16: =OFFSET(Gemini抽出データ!$A$1,FA15,2) -> 0 | FD16: ="クライアント名"&FD$1 -> クライアント名366 | FE16: =OFFSET(Gemini抽出データ!$A$1,FD15,2) -> 0 | FG16: ="クライアント名"&FG$1 -> クライアント名367 | FH16: =OFFSET(Gemini抽出データ!$A$1,FG15,2) -> 0 | FJ16: ="クライアント名"&FJ$1 -> クライアント名368 | FK16: =OFFSET(Gemini抽出データ!$A$1,FJ15,2) -> 0 | FM16: ="クライアント名"&FM$1 -> クライアント名393 | FN16: =OFFSET(Gemini抽出データ!$A$1,FM15,2) -> 0 | FP16: ="クライアント名"&FP$1 -> クライアント名394 | FQ16: =OFFSET(Gemini抽出データ!$A$1,FP15,2) -> 0 | FS16: ="クライアント名"&FS$1 -> クライアント名395 | FT16: =OFFSET(Gemini抽出データ!$A$1,FS15,2) -> 0 | FV16: ="クライアント名"&FV$1 -> クライアント名396 | FW16: =OFFSET(Gemini抽出データ!$A$1,FV15,2) -> 0 | FY16: ="クライアント名"&FY$1 -> クライアント名421 | FZ16: =OFFSET(Gemini抽出データ!$A$1,FY15,2) -> 0 | GB16: ="クライアント名"&GB$1 -> クライアント名422 | GC16: =OFFSET(Gemini抽出データ!$A$1,GB15,2) -> 0 | GE16: ="クライアント名"&GE$1 -> クライアント名423 | GF16: =OFFSET(Gemini抽出データ!$A$1,GE15,2) -> 0 | GH16: ="クライアント名"&GH$1 -> クライアント名424 | GI16: =OFFSET(Gemini抽出データ!$A$1,GH15,2) -> 0 | GK16: ="クライアント名"&GK$1 -> クライアント名449 | GL16: =OFFSET(Gemini抽出データ!$A$1,GK15,2) -> 0 | GN16: ="クライアント名"&GN$1 -> クライアント名450 | GO16: =OFFSET(Gemini抽出データ!$A$1,GN15,2) -> 0 | GQ16: ="クライアント名"&GQ$1 -> クライアント名451 | GR16: =OFFSET(Gemini抽出データ!$A$1,GQ15,2) -> 0 | GT16: ="クライアント名"&GT$1 -> クライアント名452 | GU16: =OFFSET(Gemini抽出データ!$A$1,GT15,2) -> 0 | GW16: ="クライアント名"&GW$1 -> クライアント名477 | GX16: =OFFSET(Gemini抽出データ!$A$1,GW15,2) -> 0 | GZ16: ="クライアント名"&GZ$1 -> クライアント名478 | HA16: =OFFSET(Gemini抽出データ!$A$1,GZ15,2) -> 0 | HC16: ="クライアント名"&HC$1 -> クライアント名479 | HD16: =OFFSET(Gemini抽出データ!$A$1,HC15,2) -> 0 | HF16: ="クライアント名"&HF$1 -> クライアント名480 | HG16: =OFFSET(Gemini抽出データ!$A$1,HF15,2) -> 0 | HI16: ="クライアント名"&HI$1 -> クライアント名505 | HJ16: =OFFSET(Gemini抽出データ!$A$1,HI15,2) -> 0 | HL16: ="クライアント名"&HL$1 -> クライアント名506 | HM16: =OFFSET(Gemini抽出データ!$A$1,HL15,2) -> 0 | HO16: ="クライアント名"&HO$1 -> クライアント名507 | HP16: =OFFSET(Gemini抽出データ!$A$1,HO15,2) -> 0 | HR16: ="クライアント名"&HR$1 -> クライアント名508 | HS16: =OFFSET(Gemini抽出データ!$A$1,HR15,2) -> 0 | HU16: =OFFSET(Gemini抽出データ!$A$1,#REF!,2) -> #REF!
A17: ="種類"&A$1 -> 種類1 | B17: =IF(OFFSET(Gemini抽出データ!$A$1,A15,1)=0,"",OFFSET(Gemini抽出データ!$A$1,A15,1)) | D17: ="学年"&D$1 -> 学年2 | E17: =IF(OFFSET(Gemini抽出データ!$A$1,D15,1)=0,"",OFFSET(Gemini抽出データ!$A$1,D15,1)) | G17: ="学年"&G$1 -> 学年3 | H17: =IF(OFFSET(Gemini抽出データ!$A$1,G15,1)=0,"",OFFSET(Gemini抽出データ!$A$1,G15,1)) | J17: ="学年"&J$1 -> 学年4 | K17: =IF(OFFSET(Gemini抽出データ!$A$1,J15,1)=0,"",OFFSET(Gemini抽出データ!$A$1,J15,1)) | M17: ="種類"&M$1 -> 種類29 | N17: =IF(OFFSET(Gemini抽出データ!$A$1,M15,1)=0,"",OFFSET(Gemini抽出データ!$A$1,M15,1)) | P17: ="学年"&P$1 -> 学年30 | Q17: =IF(OFFSET(Gemini抽出データ!$A$1,P15,1)=0,"",OFFSET(Gemini抽出データ!$A$1,P15,1)) | S17: ="学年"&S$1 -> 学年31 | T17: =IF(OFFSET(Gemini抽出データ!$A$1,S15,1)=0,"",OFFSET(Gemini抽出データ!$A$1,S15,1)) | V17: ="学年"&V$1 -> 学年32 | W17: =IF(OFFSET(Gemini抽出データ!$A$1,V15,1)=0,"",OFFSET(Gemini抽出データ!$A$1,V15,1)) | Y17: ="種類"&Y$1 -> 種類57 | Z17: =IF(OFFSET(Gemini抽出データ!$A$1,Y15,1)=0,"",OFFSET(Gemini抽出データ!$A$1,Y15,1)) | AB17: ="学年"&AB$1 -> 学年58 | AC17: =IF(OFFSET(Gemini抽出データ!$A$1,AB15,1)=0,"",OFFSET(Gemini抽出データ!$A$1,AB15,1)) | AE17: ="学年"&AE$1 -> 学年59 | AF17: =IF(OFFSET(Gemini抽出データ!$A$1,AE15,1)=0,"",OFFSET(Gemini抽出データ!$A$1,AE15,1)) | AH17: ="学年"&AH$1 -> 学年60 | AI17: =IF(OFFSET(Gemini抽出データ!$A$1,AH15,1)=0,"",OFFSET(Gemini抽出データ!$A$1,AH15,1)) | AK17: ="種類"&AK$1 -> 種類85 | AL17: =IF(OFFSET(Gemini抽出データ!$A$1,AK15,1)=0,"",OFFSET(Gemini抽出データ!$A$1,AK15,1)) | AN17: ="学年"&AN$1 -> 学年86 | AO17: =IF(OFFSET(Gemini抽出データ!$A$1,AN15,1)=0,"",OFFSET(Gemini抽出データ!$A$1,AN15,1)) | AQ17: ="学年"&AQ$1 -> 学年87 | AR17: =IF(OFFSET(Gemini抽出データ!$A$1,AQ15,1)=0,"",OFFSET(Gemini抽出データ!$A$1,AQ15,1)) | AT17: ="学年"&AT$1 -> 学年88 | AU17: =IF(OFFSET(Gemini抽出データ!$A$1,AT15,1)=0,"",OFFSET(Gemini抽出データ!$A$1,AT15,1)) | AW17: ="種類"&AW$1 -> 種類113 | AX17: =IF(OFFSET(Gemini抽出データ!$A$1,AW15,1)=0,"",OFFSET(Gemini抽出データ!$A$1,AW15,1)) | AZ17: ="学年"&AZ$1 -> 学年114 | BA17: =IF(OFFSET(Gemini抽出データ!$A$1,AZ15,1)=0,"",OFFSET(Gemini抽出データ!$A$1,AZ15,1)) | BC17: ="学年"&BC$1 -> 学年115 | BD17: =IF(OFFSET(Gemini抽出データ!$A$1,BC15,1)=0,"",OFFSET(Gemini抽出データ!$A$1,BC15,1)) | BF17: ="学年"&BF$1 -> 学年116 | BG17: =IF(OFFSET(Gemini抽出データ!$A$1,BF15,1)=0,"",OFFSET(Gemini抽出データ!$A$1,BF15,1)) | BI17: ="種類"&BI$1 -> 種類141 | BJ17: =IF(OFFSET(Gemini抽出データ!$A$1,BI15,1)=0,"",OFFSET(Gemini抽出データ!$A$1,BI15,1)) | BL17: ="学年"&BL$1 -> 学年142 | BM17: =IF(OFFSET(Gemini抽出データ!$A$1,BL15,1)=0,"",OFFSET(Gemini抽出データ!$A$1,BL15,1)) | BO17: ="学年"&BO$1 -> 学年143 | BP17: =IF(OFFSET(Gemini抽出データ!$A$1,BO15,1)=0,"",OFFSET(Gemini抽出データ!$A$1,BO15,1)) | BR17: ="学年"&BR$1 -> 学年144 | BS17: =IF(OFFSET(Gemini抽出データ!$A$1,BR15,1)=0,"",OFFSET(Gemini抽出データ!$A$1,BR15,1)) | BU17: ="種類"&BU$1 -> 種類169 | BV17: =IF(OFFSET(Gemini抽出データ!$A$1,BU15,1)=0,"",OFFSET(Gemini抽出データ!$A$1,BU15,1)) | BX17: ="学年"&BX$1 -> 学年170 | BY17: =IF(OFFSET(Gemini抽出データ!$A$1,BX15,1)=0,"",OFFSET(Gemini抽出データ!$A$1,BX15,1)) | CA17: ="学年"&CA$1 -> 学年171 | CB17: =IF(OFFSET(Gemini抽出データ!$A$1,CA15,1)=0,"",OFFSET(Gemini抽出データ!$A$1,CA15,1)) | CD17: ="学年"&CD$1 -> 学年172 | CE17: =IF(OFFSET(Gemini抽出データ!$A$1,CD15,1)=0,"",OFFSET(Gemini抽出データ!$A$1,CD15,1)) | CG17: ="種類"&CG$1 -> 種類197 | CH17: =IF(OFFSET(Gemini抽出データ!$A$1,CG15,1)=0,"",OFFSET(Gemini抽出データ!$A$1,CG15,1)) | CJ17: ="学年"&CJ$1 -> 学年198 | CK17: =IF(OFFSET(Gemini抽出データ!$A$1,CJ15,1)=0,"",OFFSET(Gemini抽出データ!$A$1,CJ15,1)) | CM17: ="学年"&CM$1 -> 学年199 | CN17: =IF(OFFSET(Gemini抽出データ!$A$1,CM15,1)=0,"",OFFSET(Gemini抽出データ!$A$1,CM15,1)) | CP17: ="学年"&CP$1 -> 学年200 | CQ17: =IF(OFFSET(Gemini抽出データ!$A$1,CP15,1)=0,"",OFFSET(Gemini抽出データ!$A$1,CP15,1)) | CS17: ="種類"&CS$1 -> 種類225 | CT17: =IF(OFFSET(Gemini抽出データ!$A$1,CS15,1)=0,"",OFFSET(Gemini抽出データ!$A$1,CS15,1)) | CV17: ="学年"&CV$1 -> 学年226 | CW17: =IF(OFFSET(Gemini抽出データ!$A$1,CV15,1)=0,"",OFFSET(Gemini抽出データ!$A$1,CV15,1)) | CY17: ="学年"&CY$1 -> 学年227 | CZ17: =IF(OFFSET(Gemini抽出データ!$A$1,CY15,1)=0,"",OFFSET(Gemini抽出データ!$A$1,CY15,1)) | DB17: ="学年"&DB$1 -> 学年228 | DC17: =IF(OFFSET(Gemini抽出データ!$A$1,DB15,1)=0,"",OFFSET(Gemini抽出データ!$A$1,DB15,1)) | DE17: ="種類"&DE$1 -> 種類253 | DF17: =IF(OFFSET(Gemini抽出データ!$A$1,DE15,1)=0,"",OFFSET(Gemini抽出データ!$A$1,DE15,1)) | DH17: ="学年"&DH$1 -> 学年254 | DI17: =IF(OFFSET(Gemini抽出データ!$A$1,DH15,1)=0,"",OFFSET(Gemini抽出データ!$A$1,DH15,1)) | DK17: ="学年"&DK$1 -> 学年255 | DL17: =IF(OFFSET(Gemini抽出データ!$A$1,DK15,1)=0,"",OFFSET(Gemini抽出データ!$A$1,DK15,1)) | DN17: ="学年"&DN$1 -> 学年256 | DO17: =IF(OFFSET(Gemini抽出データ!$A$1,DN15,1)=0,"",OFFSET(Gemini抽出データ!$A$1,DN15,1)) | DQ17: ="種類"&DQ$1 -> 種類281 | DR17: =IF(OFFSET(Gemini抽出データ!$A$1,DQ15,1)=0,"",OFFSET(Gemini抽出データ!$A$1,DQ15,1)) | DT17: ="学年"&DT$1 -> 学年282 | DU17: =IF(OFFSET(Gemini抽出データ!$A$1,DT15,1)=0,"",OFFSET(Gemini抽出データ!$A$1,DT15,1)) | DW17: ="学年"&DW$1 -> 学年283 | DX17: =IF(OFFSET(Gemini抽出データ!$A$1,DW15,1)=0,"",OFFSET(Gemini抽出データ!$A$1,DW15,1)) | DZ17: ="学年"&DZ$1 -> 学年284 | EA17: =IF(OFFSET(Gemini抽出データ!$A$1,DZ15,1)=0,"",OFFSET(Gemini抽出データ!$A$1,DZ15,1)) | EC17: ="種類"&EC$1 -> 種類309 | ED17: =IF(OFFSET(Gemini抽出データ!$A$1,EC15,1)=0,"",OFFSET(Gemini抽出データ!$A$1,EC15,1)) | EF17: ="学年"&EF$1 -> 学年310 | EG17: =IF(OFFSET(Gemini抽出データ!$A$1,EF15,1)=0,"",OFFSET(Gemini抽出データ!$A$1,EF15,1)) | EI17: ="学年"&EI$1 -> 学年311 | EJ17: =IF(OFFSET(Gemini抽出データ!$A$1,EI15,1)=0,"",OFFSET(Gemini抽出データ!$A$1,EI15,1)) | EL17: ="学年"&EL$1 -> 学年312 | EM17: =IF(OFFSET(Gemini抽出データ!$A$1,EL15,1)=0,"",OFFSET(Gemini抽出データ!$A$1,EL15,1)) | EO17: ="種類"&EO$1 -> 種類337 | EP17: =IF(OFFSET(Gemini抽出データ!$A$1,EO15,1)=0,"",OFFSET(Gemini抽出データ!$A$1,EO15,1)) | ER17: ="学年"&ER$1 -> 学年338 | ES17: =IF(OFFSET(Gemini抽出データ!$A$1,ER15,1)=0,"",OFFSET(Gemini抽出データ!$A$1,ER15,1)) | EU17: ="学年"&EU$1 -> 学年339 | EV17: =IF(OFFSET(Gemini抽出データ!$A$1,EU15,1)=0,"",OFFSET(Gemini抽出データ!$A$1,EU15,1)) | EX17: ="学年"&EX$1 -> 学年340 | EY17: =IF(OFFSET(Gemini抽出データ!$A$1,EX15,1)=0,"",OFFSET(Gemini抽出データ!$A$1,EX15,1)) | FA17: ="種類"&FA$1 -> 種類365 | FB17: =IF(OFFSET(Gemini抽出データ!$A$1,FA15,1)=0,"",OFFSET(Gemini抽出データ!$A$1,FA15,1)) | FD17: ="学年"&FD$1 -> 学年366 | FE17: =IF(OFFSET(Gemini抽出データ!$A$1,FD15,1)=0,"",OFFSET(Gemini抽出データ!$A$1,FD15,1)) | FG17: ="学年"&FG$1 -> 学年367 | FH17: =IF(OFFSET(Gemini抽出データ!$A$1,FG15,1)=0,"",OFFSET(Gemini抽出データ!$A$1,FG15,1)) | FJ17: ="学年"&FJ$1 -> 学年368 | FK17: =IF(OFFSET(Gemini抽出データ!$A$1,FJ15,1)=0,"",OFFSET(Gemini抽出データ!$A$1,FJ15,1)) | FM17: ="種類"&FM$1 -> 種類393 | FN17: =IF(OFFSET(Gemini抽出データ!$A$1,FM15,1)=0,"",OFFSET(Gemini抽出データ!$A$1,FM15,1)) | FP17: ="学年"&FP$1 -> 学年394 | FQ17: =IF(OFFSET(Gemini抽出データ!$A$1,FP15,1)=0,"",OFFSET(Gemini抽出データ!$A$1,FP15,1)) | FS17: ="学年"&FS$1 -> 学年395 | FT17: =IF(OFFSET(Gemini抽出データ!$A$1,FS15,1)=0,"",OFFSET(Gemini抽出データ!$A$1,FS15,1)) | FV17: ="学年"&FV$1 -> 学年396 | FW17: =IF(OFFSET(Gemini抽出データ!$A$1,FV15,1)=0,"",OFFSET(Gemini抽出データ!$A$1,FV15,1)) | FY17: ="種類"&FY$1 -> 種類421 | FZ17: =IF(OFFSET(Gemini抽出データ!$A$1,FY15,1)=0,"",OFFSET(Gemini抽出データ!$A$1,FY15,1)) | GB17: ="学年"&GB$1 -> 学年422 | GC17: =IF(OFFSET(Gemini抽出データ!$A$1,GB15,1)=0,"",OFFSET(Gemini抽出データ!$A$1,GB15,1)) | GE17: ="学年"&GE$1 -> 学年423 | GF17: =IF(OFFSET(Gemini抽出データ!$A$1,GE15,1)=0,"",OFFSET(Gemini抽出データ!$A$1,GE15,1)) | GH17: ="学年"&GH$1 -> 学年424 | GI17: =IF(OFFSET(Gemini抽出データ!$A$1,GH15,1)=0,"",OFFSET(Gemini抽出データ!$A$1,GH15,1)) | GK17: ="種類"&GK$1 -> 種類449 | GL17: =IF(OFFSET(Gemini抽出データ!$A$1,GK15,1)=0,"",OFFSET(Gemini抽出データ!$A$1,GK15,1)) | GN17: ="学年"&GN$1 -> 学年450 | GO17: =IF(OFFSET(Gemini抽出データ!$A$1,GN15,1)=0,"",OFFSET(Gemini抽出データ!$A$1,GN15,1)) | GQ17: ="学年"&GQ$1 -> 学年451 | GR17: =IF(OFFSET(Gemini抽出データ!$A$1,GQ15,1)=0,"",OFFSET(Gemini抽出データ!$A$1,GQ15,1)) | GT17: ="学年"&GT$1 -> 学年452 | GU17: =IF(OFFSET(Gemini抽出データ!$A$1,GT15,1)=0,"",OFFSET(Gemini抽出データ!$A$1,GT15,1)) | GW17: ="種類"&GW$1 -> 種類477 | GX17: =IF(OFFSET(Gemini抽出データ!$A$1,GW15,1)=0,"",OFFSET(Gemini抽出データ!$A$1,GW15,1)) | GZ17: ="学年"&GZ$1 -> 学年478 | HA17: =IF(OFFSET(Gemini抽出データ!$A$1,GZ15,1)=0,"",OFFSET(Gemini抽出データ!$A$1,GZ15,1)) | HC17: ="学年"&HC$1 -> 学年479 | HD17: =IF(OFFSET(Gemini抽出データ!$A$1,HC15,1)=0,"",OFFSET(Gemini抽出データ!$A$1,HC15,1)) | HF17: ="学年"&HF$1 -> 学年480 | HG17: =IF(OFFSET(Gemini抽出データ!$A$1,HF15,1)=0,"",OFFSET(Gemini抽出データ!$A$1,HF15,1)) | HI17: ="種類"&HI$1 -> 種類505 | HJ17: =IF(OFFSET(Gemini抽出データ!$A$1,HI15,1)=0,"",OFFSET(Gemini抽出データ!$A$1,HI15,1)) | HL17: ="学年"&HL$1 -> 学年506 | HM17: =IF(OFFSET(Gemini抽出データ!$A$1,HL15,1)=0,"",OFFSET(Gemini抽出データ!$A$1,HL15,1)) | HO17: ="学年"&HO$1 -> 学年507 | HP17: =IF(OFFSET(Gemini抽出データ!$A$1,HO15,1)=0,"",OFFSET(Gemini抽出データ!$A$1,HO15,1)) | HR17: ="学年"&HR$1 -> 学年508 | HS17: =IF(OFFSET(Gemini抽出データ!$A$1,HR15,1)=0,"",OFFSET(Gemini抽出データ!$A$1,HR15,1)) | HU17: =IF(OFFSET(Gemini抽出データ!$A$1,#REF!,1)=0,"",OFFSET(Gemini抽出データ!$A$1,#REF!,1)) -> #REF!
A18: ="学年"&A$1 -> 学年1 | M18: ="学年"&M$1 -> 学年29 | Y18: ="学年"&Y$1 -> 学年57 | AK18: ="学年"&AK$1 -> 学年85 | AW18: ="学年"&AW$1 -> 学年113 | BI18: ="学年"&BI$1 -> 学年141 | BU18: ="学年"&BU$1 -> 学年169 | CG18: ="学年"&CG$1 -> 学年197 | CS18: ="学年"&CS$1 -> 学年225 | DE18: ="学年"&DE$1 -> 学年253 | DQ18: ="学年"&DQ$1 -> 学年281 | EC18: ="学年"&EC$1 -> 学年309 | EO18: ="学年"&EO$1 -> 学年337 | FA18: ="学年"&FA$1 -> 学年365 | FM18: ="学年"&FM$1 -> 学年393 | FY18: ="学年"&FY$1 -> 学年421 | GK18: ="学年"&GK$1 -> 学年449 | GW18: ="学年"&GW$1 -> 学年477 | HI18: ="学年"&HI$1 -> 学年505
B19: =OFFSET(Gemini抽出データ!$A$1,A15,3) -> 0 | E19: =OFFSET(Gemini抽出データ!$A$1,D15,3) -> 0 | H19: =OFFSET(Gemini抽出データ!$A$1,G15,3) -> 0 | K19: =OFFSET(Gemini抽出データ!$A$1,J15,3) -> 0 | N19: =OFFSET(Gemini抽出データ!$A$1,M15,3) -> 0 | Q19: =OFFSET(Gemini抽出データ!$A$1,P15,3) -> 0 | T19: =OFFSET(Gemini抽出データ!$A$1,S15,3) -> 0 | W19: =OFFSET(Gemini抽出データ!$A$1,V15,3) -> 0 | Z19: =OFFSET(Gemini抽出データ!$A$1,Y15,3) -> 0 | AC19: =OFFSET(Gemini抽出データ!$A$1,AB15,3) -> 0 | AF19: =OFFSET(Gemini抽出データ!$A$1,AE15,3) -> 0 | AI19: =OFFSET(Gemini抽出データ!$A$1,AH15,3) -> 0 | AL19: =OFFSET(Gemini抽出データ!$A$1,AK15,3) -> 0 | AO19: =OFFSET(Gemini抽出データ!$A$1,AN15,3) -> 0 | AR19: =OFFSET(Gemini抽出データ!$A$1,AQ15,3) -> 0 | AU19: =OFFSET(Gemini抽出データ!$A$1,AT15,3) -> 0 | AX19: =OFFSET(Gemini抽出データ!$A$1,AW15,3) -> 0 | BA19: =OFFSET(Gemini抽出データ!$A$1,AZ15,3) -> 0 | BD19: =OFFSET(Gemini抽出データ!$A$1,BC15,3) -> 0 | BG19: =OFFSET(Gemini抽出データ!$A$1,BF15,3) -> 0 | BJ19: =OFFSET(Gemini抽出データ!$A$1,BI15,3) -> 0 | BM19: =OFFSET(Gemini抽出データ!$A$1,BL15,3) -> 0 | BP19: =OFFSET(Gemini抽出データ!$A$1,BO15,3) -> 0 | BS19: =OFFSET(Gemini抽出データ!$A$1,BR15,3) -> 0 | BV19: =OFFSET(Gemini抽出データ!$A$1,BU15,3) -> 0 | BY19: =OFFSET(Gemini抽出データ!$A$1,BX15,3) -> 0 | CB19: =OFFSET(Gemini抽出データ!$A$1,CA15,3) -> 0 | CE19: =OFFSET(Gemini抽出データ!$A$1,CD15,3) -> 0 | CH19: =OFFSET(Gemini抽出データ!$A$1,CG15,3) -> 0 | CK19: =OFFSET(Gemini抽出データ!$A$1,CJ15,3) -> 0 | CN19: =OFFSET(Gemini抽出データ!$A$1,CM15,3) -> 0 | CQ19: =OFFSET(Gemini抽出データ!$A$1,CP15,3) -> 0 | CT19: =OFFSET(Gemini抽出データ!$A$1,CS15,3) -> 0 | CW19: =OFFSET(Gemini抽出データ!$A$1,CV15,3) -> 0 | CZ19: =OFFSET(Gemini抽出データ!$A$1,CY15,3) -> 0 | DC19: =OFFSET(Gemini抽出データ!$A$1,DB15,3) -> 0 | DF19: =OFFSET(Gemini抽出データ!$A$1,DE15,3) -> 0 | DI19: =OFFSET(Gemini抽出データ!$A$1,DH15,3) -> 0 | DL19: =OFFSET(Gemini抽出データ!$A$1,DK15,3) -> 0 | DO19: =OFFSET(Gemini抽出データ!$A$1,DN15,3) -> 0 | DR19: =OFFSET(Gemini抽出データ!$A$1,DQ15,3) -> 0 | DU19: =OFFSET(Gemini抽出データ!$A$1,DT15,3) -> 0 | DX19: =OFFSET(Gemini抽出データ!$A$1,DW15,3) -> 0 | EA19: =OFFSET(Gemini抽出データ!$A$1,DZ15,3) -> 0 | ED19: =OFFSET(Gemini抽出データ!$A$1,EC15,3) -> 0 | EG19: =OFFSET(Gemini抽出データ!$A$1,EF15,3) -> 0 | EJ19: =OFFSET(Gemini抽出データ!$A$1,EI15,3) -> 0 | EM19: =OFFSET(Gemini抽出データ!$A$1,EL15,3) -> 0 | EP19: =OFFSET(Gemini抽出データ!$A$1,EO15,3) -> 0 | ES19: =OFFSET(Gemini抽出データ!$A$1,ER15,3) -> 0 | EV19: =OFFSET(Gemini抽出データ!$A$1,EU15,3) -> 0 | EY19: =OFFSET(Gemini抽出データ!$A$1,EX15,3) -> 0 | FB19: =OFFSET(Gemini抽出データ!$A$1,FA15,3) -> 0 | FE19: =OFFSET(Gemini抽出データ!$A$1,FD15,3) -> 0 | FH19: =OFFSET(Gemini抽出データ!$A$1,FG15,3) -> 0 | FK19: =OFFSET(Gemini抽出データ!$A$1,FJ15,3) -> 0 | FN19: =OFFSET(Gemini抽出データ!$A$1,FM15,3) -> 0 | FQ19: =OFFSET(Gemini抽出データ!$A$1,FP15,3) -> 0 | FT19: =OFFSET(Gemini抽出データ!$A$1,FS15,3) -> 0 | FW19: =OFFSET(Gemini抽出データ!$A$1,FV15,3) -> 0 | FZ19: =OFFSET(Gemini抽出データ!$A$1,FY15,3) -> 0 | GC19: =OFFSET(Gemini抽出データ!$A$1,GB15,3) -> 0 | GF19: =OFFSET(Gemini抽出データ!$A$1,GE15,3) -> 0 | GI19: =OFFSET(Gemini抽出データ!$A$1,GH15,3) -> 0 | GL19: =OFFSET(Gemini抽出データ!$A$1,GK15,3) -> 0 | GO19: =OFFSET(Gemini抽出データ!$A$1,GN15,3) -> 0 | GR19: =OFFSET(Gemini抽出データ!$A$1,GQ15,3) -> 0 | GU19: =OFFSET(Gemini抽出データ!$A$1,GT15,3) -> 0 | GX19: =OFFSET(Gemini抽出データ!$A$1,GW15,3) -> 0 | HA19: =OFFSET(Gemini抽出データ!$A$1,GZ15,3) -> 0 | HD19: =OFFSET(Gemini抽出データ!$A$1,HC15,3) -> 0 | HG19: =OFFSET(Gemini抽出データ!$A$1,HF15,3) -> 0 | HJ19: =OFFSET(Gemini抽出データ!$A$1,HI15,3) -> 0 | HM19: =OFFSET(Gemini抽出データ!$A$1,HL15,3) -> 0 | HP19: =OFFSET(Gemini抽出データ!$A$1,HO15,3) -> 0 | HS19: =OFFSET(Gemini抽出データ!$A$1,HR15,3) -> 0 | HU19: =OFFSET(Gemini抽出データ!$A$1,#REF!,3) -> #REF!
D20: ="クラス"&D$1 -> クラス2 | G20: ="クラス"&G$1 -> クラス3 | J20: ="クラス"&J$1 -> クラス4 | P20: ="クラス"&P$1 -> クラス30 | S20: ="クラス"&S$1 -> クラス31 | V20: ="クラス"&V$1 -> クラス32 | AB20: ="クラス"&AB$1 -> クラス58 | AE20: ="クラス"&AE$1 -> クラス59 | AH20: ="クラス"&AH$1 -> クラス60 | AN20: ="クラス"&AN$1 -> クラス86 | AQ20: ="クラス"&AQ$1 -> クラス87 | AT20: ="クラス"&AT$1 -> クラス88 | AZ20: ="クラス"&AZ$1 -> クラス114 | BC20: ="クラス"&BC$1 -> クラス115 | BF20: ="クラス"&BF$1 -> クラス116 | BL20: ="クラス"&BL$1 -> クラス142 | BO20: ="クラス"&BO$1 -> クラス143 | BR20: ="クラス"&BR$1 -> クラス144 | BX20: ="クラス"&BX$1 -> クラス170 | CA20: ="クラス"&CA$1 -> クラス171 | CD20: ="クラス"&CD$1 -> クラス172 | CJ20: ="クラス"&CJ$1 -> クラス198 | CM20: ="クラス"&CM$1 -> クラス199 | CP20: ="クラス"&CP$1 -> クラス200 | CV20: ="クラス"&CV$1 -> クラス226 | CY20: ="クラス"&CY$1 -> クラス227 | DB20: ="クラス"&DB$1 -> クラス228 | DH20: ="クラス"&DH$1 -> クラス254 | DK20: ="クラス"&DK$1 -> クラス255 | DN20: ="クラス"&DN$1 -> クラス256 | DT20: ="クラス"&DT$1 -> クラス282 | DW20: ="クラス"&DW$1 -> クラス283 | DZ20: ="クラス"&DZ$1 -> クラス284 | EF20: ="クラス"&EF$1 -> クラス310 | EI20: ="クラス"&EI$1 -> クラス311 | EL20: ="クラス"&EL$1 -> クラス312 | ER20: ="クラス"&ER$1 -> クラス338 | EU20: ="クラス"&EU$1 -> クラス339 | EX20: ="クラス"&EX$1 -> クラス340 | FD20: ="クラス"&FD$1 -> クラス366 | FG20: ="クラス"&FG$1 -> クラス367 | FJ20: ="クラス"&FJ$1 -> クラス368 | FP20: ="クラス"&FP$1 -> クラス394 | FS20: ="クラス"&FS$1 -> クラス395 | FV20: ="クラス"&FV$1 -> クラス396 | GB20: ="クラス"&GB$1 -> クラス422 | GE20: ="クラス"&GE$1 -> クラス423 | GH20: ="クラス"&GH$1 -> クラス424 | GN20: ="クラス"&GN$1 -> クラス450 | GQ20: ="クラス"&GQ$1 -> クラス451 | GT20: ="クラス"&GT$1 -> クラス452 | GZ20: ="クラス"&GZ$1 -> クラス478 | HC20: ="クラス"&HC$1 -> クラス479 | HF20: ="クラス"&HF$1 -> クラス480 | HL20: ="クラス"&HL$1 -> クラス506 | HO20: ="クラス"&HO$1 -> クラス507 | HR20: ="クラス"&HR$1 -> クラス508
A21: ="クラス"&A$1 -> クラス1 | B21: =OFFSET(Gemini抽出データ!$A$1,A15,4) -> 0 | C21: =IF(OFFSET(Gemini抽出データ!$A$1,A15,5)=0,"",OFFSET(Gemini抽出データ!$A$1,A15,5)) | D21: =A21 -> クラス1 | E21: =OFFSET(Gemini抽出データ!$A$1,D15,4) -> 0 | F21: =IF(OFFSET(Gemini抽出データ!$A$1,D15,5)=0,"",OFFSET(Gemini抽出データ!$A$1,D15,5)) | G21: =A21 -> クラス1 | H21: =OFFSET(Gemini抽出データ!$A$1,G15,4) -> 0 | I21: =IF(OFFSET(Gemini抽出データ!$A$1,G15,5)=0,"",OFFSET(Gemini抽出データ!$A$1,G15,5)) | J21: =G21 -> クラス1 | K21: =OFFSET(Gemini抽出データ!$A$1,J15,4) -> 0 | L21: =IF(OFFSET(Gemini抽出データ!$A$1,J15,5)=0,"",OFFSET(Gemini抽出データ!$A$1,J15,5)) | M21: ="クラス"&M$1 -> クラス29 | N21: =OFFSET(Gemini抽出データ!$A$1,M15,4) -> 0 | O21: =IF(OFFSET(Gemini抽出データ!$A$1,M15,5)=0,"",OFFSET(Gemini抽出データ!$A$1,M15,5)) | P21: =M21 -> クラス29 | Q21: =OFFSET(Gemini抽出データ!$A$1,P15,4) -> 0 | R21: =IF(OFFSET(Gemini抽出データ!$A$1,P15,5)=0,"",OFFSET(Gemini抽出データ!$A$1,P15,5)) | S21: =M21 -> クラス29 | T21: =OFFSET(Gemini抽出データ!$A$1,S15,4) -> 0 | U21: =IF(OFFSET(Gemini抽出データ!$A$1,S15,5)=0,"",OFFSET(Gemini抽出データ!$A$1,S15,5)) | V21: =S21 -> クラス29 | W21: =OFFSET(Gemini抽出データ!$A$1,V15,4) -> 0 | X21: =IF(OFFSET(Gemini抽出データ!$A$1,V15,5)=0,"",OFFSET(Gemini抽出データ!$A$1,V15,5)) | Y21: ="クラス"&Y$1 -> クラス57 | Z21: =OFFSET(Gemini抽出データ!$A$1,Y15,4) -> 0 | AA21: =IF(OFFSET(Gemini抽出データ!$A$1,Y15,5)=0,"",OFFSET(Gemini抽出データ!$A$1,Y15,5)) | AB21: =Y21 -> クラス57 | AC21: =OFFSET(Gemini抽出データ!$A$1,AB15,4) -> 0 | AD21: =IF(OFFSET(Gemini抽出データ!$A$1,AB15,5)=0,"",OFFSET(Gemini抽出データ!$A$1,AB15,5)) | AE21: =Y21 -> クラス57 | AF21: =OFFSET(Gemini抽出データ!$A$1,AE15,4) -> 0 | AG21: =IF(OFFSET(Gemini抽出データ!$A$1,AE15,5)=0,"",OFFSET(Gemini抽出データ!$A$1,AE15,5)) | AH21: =AE21 -> クラス57 | AI21: =OFFSET(Gemini抽出データ!$A$1,AH15,4) -> 0 | AJ21: =IF(OFFSET(Gemini抽出データ!$A$1,AH15,5)=0,"",OFFSET(Gemini抽出データ!$A$1,AH15,5)) | AK21: ="クラス"&AK$1 -> クラス85 | AL21: =OFFSET(Gemini抽出データ!$A$1,AK15,4) -> 0 | AM21: =IF(OFFSET(Gemini抽出データ!$A$1,AK15,5)=0,"",OFFSET(Gemini抽出データ!$A$1,AK15,5)) | AN21: =AK21 -> クラス85 | AO21: =OFFSET(Gemini抽出データ!$A$1,AN15,4) -> 0 | AP21: =IF(OFFSET(Gemini抽出データ!$A$1,AN15,5)=0,"",OFFSET(Gemini抽出データ!$A$1,AN15,5)) | AQ21: =AK21 -> クラス85 | AR21: =OFFSET(Gemini抽出データ!$A$1,AQ15,4) -> 0 | AS21: =IF(OFFSET(Gemini抽出データ!$A$1,AQ15,5)=0,"",OFFSET(Gemini抽出データ!$A$1,AQ15,5)) | AT21: =AQ21 -> クラス85 | AU21: =OFFSET(Gemini抽出データ!$A$1,AT15,4) -> 0 | AV21: =IF(OFFSET(Gemini抽出データ!$A$1,AT15,5)=0,"",OFFSET(Gemini抽出データ!$A$1,AT15,5)) | AW21: ="クラス"&AW$1 -> クラス113 | AX21: =OFFSET(Gemini抽出データ!$A$1,AW15,4) -> 0 | AY21: =IF(OFFSET(Gemini抽出データ!$A$1,AW15,5)=0,"",OFFSET(Gemini抽出データ!$A$1,AW15,5)) | AZ21: =AW21 -> クラス113 | BA21: =OFFSET(Gemini抽出データ!$A$1,AZ15,4) -> 0 | BB21: =IF(OFFSET(Gemini抽出データ!$A$1,AZ15,5)=0,"",OFFSET(Gemini抽出データ!$A$1,AZ15,5)) | BC21: =AW21 -> クラス113 | BD21: =OFFSET(Gemini抽出データ!$A$1,BC15,4) -> 0 | BE21: =IF(OFFSET(Gemini抽出データ!$A$1,BC15,5)=0,"",OFFSET(Gemini抽出データ!$A$1,BC15,5)) | BF21: =BC21 -> クラス113 | BG21: =OFFSET(Gemini抽出データ!$A$1,BF15,4) -> 0 | BH21: =IF(OFFSET(Gemini抽出データ!$A$1,BF15,5)=0,"",OFFSET(Gemini抽出データ!$A$1,BF15,5)) | BI21: ="クラス"&BI$1 -> クラス141 | BJ21: =OFFSET(Gemini抽出データ!$A$1,BI15,4) -> 0 | BK21: =IF(OFFSET(Gemini抽出データ!$A$1,BI15,5)=0,"",OFFSET(Gemini抽出データ!$A$1,BI15,5)) | BL21: =BI21 -> クラス141 | BM21: =OFFSET(Gemini抽出データ!$A$1,BL15,4) -> 0 | BN21: =IF(OFFSET(Gemini抽出データ!$A$1,BL15,5)=0,"",OFFSET(Gemini抽出データ!$A$1,BL15,5)) | BO21: =BI21 -> クラス141 | BP21: =OFFSET(Gemini抽出データ!$A$1,BO15,4) -> 0 | BQ21: =IF(OFFSET(Gemini抽出データ!$A$1,BO15,5)=0,"",OFFSET(Gemini抽出データ!$A$1,BO15,5)) | BR21: =BO21 -> クラス141 | BS21: =OFFSET(Gemini抽出データ!$A$1,BR15,4) -> 0 | BT21: =IF(OFFSET(Gemini抽出データ!$A$1,BR15,5)=0,"",OFFSET(Gemini抽出データ!$A$1,BR15,5)) | BU21: ="クラス"&BU$1 -> クラス169 | BV21: =OFFSET(Gemini抽出データ!$A$1,BU15,4) -> 0 | BW21: =IF(OFFSET(Gemini抽出データ!$A$1,BU15,5)=0,"",OFFSET(Gemini抽出データ!$A$1,BU15,5)) | BX21: =BU21 -> クラス169 | BY21: =OFFSET(Gemini抽出データ!$A$1,BX15,4) -> 0 | BZ21: =IF(OFFSET(Gemini抽出データ!$A$1,BX15,5)=0,"",OFFSET(Gemini抽出データ!$A$1,BX15,5)) | CA21: =BU21 -> クラス169 | CB21: =OFFSET(Gemini抽出データ!$A$1,CA15,4) -> 0 | CC21: =IF(OFFSET(Gemini抽出データ!$A$1,CA15,5)=0,"",OFFSET(Gemini抽出データ!$A$1,CA15,5)) | CD21: =CA21 -> クラス169 | CE21: =OFFSET(Gemini抽出データ!$A$1,CD15,4) -> 0 | CF21: =IF(OFFSET(Gemini抽出データ!$A$1,CD15,5)=0,"",OFFSET(Gemini抽出データ!$A$1,CD15,5)) | CG21: ="クラス"&CG$1 -> クラス197 | CH21: =OFFSET(Gemini抽出データ!$A$1,CG15,4) -> 0 | CI21: =IF(OFFSET(Gemini抽出データ!$A$1,CG15,5)=0,"",OFFSET(Gemini抽出データ!$A$1,CG15,5)) | CJ21: =CG21 -> クラス197 | CK21: =OFFSET(Gemini抽出データ!$A$1,CJ15,4) -> 0 | CL21: =IF(OFFSET(Gemini抽出データ!$A$1,CJ15,5)=0,"",OFFSET(Gemini抽出データ!$A$1,CJ15,5)) | CM21: =CG21 -> クラス197 | CN21: =OFFSET(Gemini抽出データ!$A$1,CM15,4) -> 0 | CO21: =IF(OFFSET(Gemini抽出データ!$A$1,CM15,5)=0,"",OFFSET(Gemini抽出データ!$A$1,CM15,5)) | CP21: =CM21 -> クラス197 | CQ21: =OFFSET(Gemini抽出データ!$A$1,CP15,4) -> 0 | CR21: =IF(OFFSET(Gemini抽出データ!$A$1,CP15,5)=0,"",OFFSET(Gemini抽出データ!$A$1,CP15,5)) | CS21: ="クラス"&CS$1 -> クラス225 | CT21: =OFFSET(Gemini抽出データ!$A$1,CS15,4) -> 0 | CU21: =IF(OFFSET(Gemini抽出データ!$A$1,CS15,5)=0,"",OFFSET(Gemini抽出データ!$A$1,CS15,5)) | CV21: =CS21 -> クラス225 | CW21: =OFFSET(Gemini抽出データ!$A$1,CV15,4) -> 0 | CX21: =IF(OFFSET(Gemini抽出データ!$A$1,CV15,5)=0,"",OFFSET(Gemini抽出データ!$A$1,CV15,5)) | CY21: =CS21 -> クラス225 | CZ21: =OFFSET(Gemini抽出データ!$A$1,CY15,4) -> 0 | DA21: =IF(OFFSET(Gemini抽出データ!$A$1,CY15,5)=0,"",OFFSET(Gemini抽出データ!$A$1,CY15,5)) | DB21: =CY21 -> クラス225 | DC21: =OFFSET(Gemini抽出データ!$A$1,DB15,4) -> 0 | DD21: =IF(OFFSET(Gemini抽出データ!$A$1,DB15,5)=0,"",OFFSET(Gemini抽出データ!$A$1,DB15,5)) | DE21: ="クラス"&DE$1 -> クラス253 | DF21: =OFFSET(Gemini抽出データ!$A$1,DE15,4) -> 0 | DG21: =IF(OFFSET(Gemini抽出データ!$A$1,DE15,5)=0,"",OFFSET(Gemini抽出データ!$A$1,DE15,5)) | DH21: =DE21 -> クラス253 | DI21: =OFFSET(Gemini抽出データ!$A$1,DH15,4) -> 0 | DJ21: =IF(OFFSET(Gemini抽出データ!$A$1,DH15,5)=0,"",OFFSET(Gemini抽出データ!$A$1,DH15,5)) | DK21: =DE21 -> クラス253 | DL21: =OFFSET(Gemini抽出データ!$A$1,DK15,4) -> 0 | DM21: =IF(OFFSET(Gemini抽出データ!$A$1,DK15,5)=0,"",OFFSET(Gemini抽出データ!$A$1,DK15,5)) | DN21: =DK21 -> クラス253 | DO21: =OFFSET(Gemini抽出データ!$A$1,DN15,4) -> 0 | DP21: =IF(OFFSET(Gemini抽出データ!$A$1,DN15,5)=0,"",OFFSET(Gemini抽出データ!$A$1,DN15,5)) | DQ21: ="クラス"&DQ$1 -> クラス281 | DR21: =OFFSET(Gemini抽出データ!$A$1,DQ15,4) -> 0 | DS21: =IF(OFFSET(Gemini抽出データ!$A$1,DQ15,5)=0,"",OFFSET(Gemini抽出データ!$A$1,DQ15,5)) | DT21: =DQ21 -> クラス281 | DU21: =OFFSET(Gemini抽出データ!$A$1,DT15,4) -> 0 | DV21: =IF(OFFSET(Gemini抽出データ!$A$1,DT15,5)=0,"",OFFSET(Gemini抽出データ!$A$1,DT15,5)) | DW21: =DQ21 -> クラス281 | DX21: =OFFSET(Gemini抽出データ!$A$1,DW15,4) -> 0 | DY21: =IF(OFFSET(Gemini抽出データ!$A$1,DW15,5)=0,"",OFFSET(Gemini抽出データ!$A$1,DW15,5)) | DZ21: =DW21 -> クラス281 | EA21: =OFFSET(Gemini抽出データ!$A$1,DZ15,4) -> 0 | EB21: =IF(OFFSET(Gemini抽出データ!$A$1,DZ15,5)=0,"",OFFSET(Gemini抽出データ!$A$1,DZ15,5)) | EC21: ="クラス"&EC$1 -> クラス309 | ED21: =OFFSET(Gemini抽出データ!$A$1,EC15,4) -> 0 | EE21: =IF(OFFSET(Gemini抽出データ!$A$1,EC15,5)=0,"",OFFSET(Gemini抽出データ!$A$1,EC15,5)) | EF21: =EC21 -> クラス309 | EG21: =OFFSET(Gemini抽出データ!$A$1,EF15,4) -> 0 | EH21: =IF(OFFSET(Gemini抽出データ!$A$1,EF15,5)=0,"",OFFSET(Gemini抽出データ!$A$1,EF15,5)) | EI21: =EC21 -> クラス309 | EJ21: =OFFSET(Gemini抽出データ!$A$1,EI15,4) -> 0 | EK21: =IF(OFFSET(Gemini抽出データ!$A$1,EI15,5)=0,"",OFFSET(Gemini抽出データ!$A$1,EI15,5)) | EL21: =EI21 -> クラス309 | EM21: =OFFSET(Gemini抽出データ!$A$1,EL15,4) -> 0 | EN21: =IF(OFFSET(Gemini抽出データ!$A$1,EL15,5)=0,"",OFFSET(Gemini抽出データ!$A$1,EL15,5)) | EO21: ="クラス"&EO$1 -> クラス337 | EP21: =OFFSET(Gemini抽出データ!$A$1,EO15,4) -> 0 | EQ21: =IF(OFFSET(Gemini抽出データ!$A$1,EO15,5)=0,"",OFFSET(Gemini抽出データ!$A$1,EO15,5)) | ER21: =EO21 -> クラス337 | ES21: =OFFSET(Gemini抽出データ!$A$1,ER15,4) -> 0 | ET21: =IF(OFFSET(Gemini抽出データ!$A$1,ER15,5)=0,"",OFFSET(Gemini抽出データ!$A$1,ER15,5)) | EU21: =EO21 -> クラス337 | EV21: =OFFSET(Gemini抽出データ!$A$1,EU15,4) -> 0 | EW21: =IF(OFFSET(Gemini抽出データ!$A$1,EU15,5)=0,"",OFFSET(Gemini抽出データ!$A$1,EU15,5)) | EX21: =EU21 -> クラス337 | EY21: =OFFSET(Gemini抽出データ!$A$1,EX15,4) -> 0 | EZ21: =IF(OFFSET(Gemini抽出データ!$A$1,EX15,5)=0,"",OFFSET(Gemini抽出データ!$A$1,EX15,5)) | FA21: ="クラス"&FA$1 -> クラス365 | FB21: =OFFSET(Gemini抽出データ!$A$1,FA15,4) -> 0 | FC21: =IF(OFFSET(Gemini抽出データ!$A$1,FA15,5)=0,"",OFFSET(Gemini抽出データ!$A$1,FA15,5)) | FD21: =FA21 -> クラス365 | FE21: =OFFSET(Gemini抽出データ!$A$1,FD15,4) -> 0 | FF21: =IF(OFFSET(Gemini抽出データ!$A$1,FD15,5)=0,"",OFFSET(Gemini抽出データ!$A$1,FD15,5)) | FG21: =FA21 -> クラス365 | FH21: =OFFSET(Gemini抽出データ!$A$1,FG15,4) -> 0 | FI21: =IF(OFFSET(Gemini抽出データ!$A$1,FG15,5)=0,"",OFFSET(Gemini抽出データ!$A$1,FG15,5)) | FJ21: =FG21 -> クラス365 | FK21: =OFFSET(Gemini抽出データ!$A$1,FJ15,4) -> 0 | FL21: =IF(OFFSET(Gemini抽出データ!$A$1,FJ15,5)=0,"",OFFSET(Gemini抽出データ!$A$1,FJ15,5)) | FM21: ="クラス"&FM$1 -> クラス393 | FN21: =OFFSET(Gemini抽出データ!$A$1,FM15,4) -> 0 | FO21: =IF(OFFSET(Gemini抽出データ!$A$1,FM15,5)=0,"",OFFSET(Gemini抽出データ!$A$1,FM15,5)) | FP21: =FM21 -> クラス393 | FQ21: =OFFSET(Gemini抽出データ!$A$1,FP15,4) -> 0 | FR21: =IF(OFFSET(Gemini抽出データ!$A$1,FP15,5)=0,"",OFFSET(Gemini抽出データ!$A$1,FP15,5)) | FS21: =FM21 -> クラス393 | FT21: =OFFSET(Gemini抽出データ!$A$1,FS15,4) -> 0 | FU21: =IF(OFFSET(Gemini抽出データ!$A$1,FS15,5)=0,"",OFFSET(Gemini抽出データ!$A$1,FS15,5)) | FV21: =FS21 -> クラス393 | FW21: =OFFSET(Gemini抽出データ!$A$1,FV15,4) -> 0 | FX21: =IF(OFFSET(Gemini抽出データ!$A$1,FV15,5)=0,"",OFFSET(Gemini抽出データ!$A$1,FV15,5)) | FY21: ="クラス"&FY$1 -> クラス421 | FZ21: =OFFSET(Gemini抽出データ!$A$1,FY15,4) -> 0 | GA21: =IF(OFFSET(Gemini抽出データ!$A$1,FY15,5)=0,"",OFFSET(Gemini抽出データ!$A$1,FY15,5)) | GB21: =FY21 -> クラス421 | GC21: =OFFSET(Gemini抽出データ!$A$1,GB15,4) -> 0 | GD21: =IF(OFFSET(Gemini抽出データ!$A$1,GB15,5)=0,"",OFFSET(Gemini抽出データ!$A$1,GB15,5)) | GE21: =FY21 -> クラス421 | GF21: =OFFSET(Gemini抽出データ!$A$1,GE15,4) -> 0 | GG21: =IF(OFFSET(Gemini抽出データ!$A$1,GE15,5)=0,"",OFFSET(Gemini抽出データ!$A$1,GE15,5)) | GH21: =GE21 -> クラス421 | GI21: =OFFSET(Gemini抽出データ!$A$1,GH15,4) -> 0 | GJ21: =IF(OFFSET(Gemini抽出データ!$A$1,GH15,5)=0,"",OFFSET(Gemini抽出データ!$A$1,GH15,5)) | GK21: ="クラス"&GK$1 -> クラス449 | GL21: =OFFSET(Gemini抽出データ!$A$1,GK15,4) -> 0 | GM21: =IF(OFFSET(Gemini抽出データ!$A$1,GK15,5)=0,"",OFFSET(Gemini抽出データ!$A$1,GK15,5)) | GN21: =GK21 -> クラス449 | GO21: =OFFSET(Gemini抽出データ!$A$1,GN15,4) -> 0 | GP21: =IF(OFFSET(Gemini抽出データ!$A$1,GN15,5)=0,"",OFFSET(Gemini抽出データ!$A$1,GN15,5)) | GQ21: =GK21 -> クラス449 | GR21: =OFFSET(Gemini抽出データ!$A$1,GQ15,4) -> 0 | GS21: =IF(OFFSET(Gemini抽出データ!$A$1,GQ15,5)=0,"",OFFSET(Gemini抽出データ!$A$1,GQ15,5)) | GT21: =GQ21 -> クラス449 | GU21: =OFFSET(Gemini抽出データ!$A$1,GT15,4) -> 0 | GV21: =IF(OFFSET(Gemini抽出データ!$A$1,GT15,5)=0,"",OFFSET(Gemini抽出データ!$A$1,GT15,5)) | GW21: ="クラス"&GW$1 -> クラス477 | GX21: =OFFSET(Gemini抽出データ!$A$1,GW15,4) -> 0 | GY21: =IF(OFFSET(Gemini抽出データ!$A$1,GW15,5)=0,"",OFFSET(Gemini抽出データ!$A$1,GW15,5)) | GZ21: =GW21 -> クラス477 | HA21: =OFFSET(Gemini抽出データ!$A$1,GZ15,4) -> 0 | HB21: =IF(OFFSET(Gemini抽出データ!$A$1,GZ15,5)=0,"",OFFSET(Gemini抽出データ!$A$1,GZ15,5)) | HC21: =GW21 -> クラス477 | HD21: =OFFSET(Gemini抽出データ!$A$1,HC15,4) -> 0 | HE21: =IF(OFFSET(Gemini抽出データ!$A$1,HC15,5)=0,"",OFFSET(Gemini抽出データ!$A$1,HC15,5)) | HF21: =HC21 -> クラス477 | HG21: =OFFSET(Gemini抽出データ!$A$1,HF15,4) -> 0 | HH21: =IF(OFFSET(Gemini抽出データ!$A$1,HF15,5)=0,"",OFFSET(Gemini抽出データ!$A$1,HF15,5)) | HI21: ="クラス"&HI$1 -> クラス505 | HJ21: =OFFSET(Gemini抽出データ!$A$1,HI15,4) -> 0 | HK21: =IF(OFFSET(Gemini抽出データ!$A$1,HI15,5)=0,"",OFFSET(Gemini抽出データ!$A$1,HI15,5)) | HL21: =HI21 -> クラス505 | HM21: =OFFSET(Gemini抽出データ!$A$1,HL15,4) -> 0 | HN21: =IF(OFFSET(Gemini抽出データ!$A$1,HL15,5)=0,"",OFFSET(Gemini抽出データ!$A$1,HL15,5)) | HO21: =HI21 -> クラス505 | HP21: =OFFSET(Gemini抽出データ!$A$1,HO15,4) -> 0 | HQ21: =IF(OFFSET(Gemini抽出データ!$A$1,HO15,5)=0,"",OFFSET(Gemini抽出データ!$A$1,HO15,5)) | HR21: =HO21 -> クラス505 | HS21: =OFFSET(Gemini抽出データ!$A$1,HR15,4) -> 0 | HT21: =IF(OFFSET(Gemini抽出データ!$A$1,HR15,5)=0,"",OFFSET(Gemini抽出データ!$A$1,HR15,5)) | HU21: =OFFSET(Gemini抽出データ!$A$1,#REF!,4) -> #REF! | HV21: =IF(OFFSET(Gemini抽出データ!$A$1,#REF!,5)=0,"",OFFSET(Gemini抽出データ!$A$1,#REF!,5)) -> #REF!
A22: =J15+1 -> 13 | B22: =OFFSET(Gemini抽出データ!$A$1,A22,0) -> 0 | D22: =A22+1 -> 14 | E22: =OFFSET(Gemini抽出データ!$A$1,D22,0) -> 0 | G22: =D22+1 -> 15 | H22: =OFFSET(Gemini抽出データ!$A$1,G22,0) -> 0 | J22: =G22+1 -> 16 | K22: =OFFSET(Gemini抽出データ!$A$1,J22,0) -> 0 | M22: =V15+1 -> 41 | N22: =OFFSET(Gemini抽出データ!$A$1,M22,0) -> 0 | P22: =M22+1 -> 42 | Q22: =OFFSET(Gemini抽出データ!$A$1,P22,0) -> 0 | S22: =P22+1 -> 43 | T22: =OFFSET(Gemini抽出データ!$A$1,S22,0) -> 0 | V22: =S22+1 -> 44 | W22: =OFFSET(Gemini抽出データ!$A$1,V22,0) -> 0 | Y22: =AH15+1 -> 69 | Z22: =OFFSET(Gemini抽出データ!$A$1,Y22,0) -> 0 | AB22: =Y22+1 -> 70 | AC22: =OFFSET(Gemini抽出データ!$A$1,AB22,0) -> 0 | AE22: =AB22+1 -> 71 | AF22: =OFFSET(Gemini抽出データ!$A$1,AE22,0) -> 0 | AH22: =AE22+1 -> 72 | AI22: =OFFSET(Gemini抽出データ!$A$1,AH22,0) -> 0 | AK22: =AT15+1 -> 97 | AL22: =OFFSET(Gemini抽出データ!$A$1,AK22,0) -> 0 | AN22: =AK22+1 -> 98 | AO22: =OFFSET(Gemini抽出データ!$A$1,AN22,0) -> 0 | AQ22: =AN22+1 -> 99 | AR22: =OFFSET(Gemini抽出データ!$A$1,AQ22,0) -> 0 | AT22: =AQ22+1 -> 100 | AU22: =OFFSET(Gemini抽出データ!$A$1,AT22,0) -> 0 | AW22: =BF15+1 -> 125 | AX22: =OFFSET(Gemini抽出データ!$A$1,AW22,0) -> 0 | AZ22: =AW22+1 -> 126 | BA22: =OFFSET(Gemini抽出データ!$A$1,AZ22,0) -> 0 | BC22: =AZ22+1 -> 127 | BD22: =OFFSET(Gemini抽出データ!$A$1,BC22,0) -> 0 | BF22: =BC22+1 -> 128 | BG22: =OFFSET(Gemini抽出データ!$A$1,BF22,0) -> 0 | BI22: =BR15+1 -> 153 | BJ22: =OFFSET(Gemini抽出データ!$A$1,BI22,0) -> 0 | BL22: =BI22+1 -> 154 | BM22: =OFFSET(Gemini抽出データ!$A$1,BL22,0) -> 0 | BO22: =BL22+1 -> 155 | BP22: =OFFSET(Gemini抽出データ!$A$1,BO22,0) -> 0 | BR22: =BO22+1 -> 156 | BS22: =OFFSET(Gemini抽出データ!$A$1,BR22,0) -> 0 | BU22: =CD15+1 -> 181 | BV22: =OFFSET(Gemini抽出データ!$A$1,BU22,0) -> 0 | BX22: =BU22+1 -> 182 | BY22: =OFFSET(Gemini抽出データ!$A$1,BX22,0) -> 0 | CA22: =BX22+1 -> 183 | CB22: =OFFSET(Gemini抽出データ!$A$1,CA22,0) -> 0 | CD22: =CA22+1 -> 184 | CE22: =OFFSET(Gemini抽出データ!$A$1,CD22,0) -> 0 | CG22: =CP15+1 -> 209 | CH22: =OFFSET(Gemini抽出データ!$A$1,CG22,0) -> 0 | CJ22: =CG22+1 -> 210 | CK22: =OFFSET(Gemini抽出データ!$A$1,CJ22,0) -> 0 | CM22: =CJ22+1 -> 211 | CN22: =OFFSET(Gemini抽出データ!$A$1,CM22,0) -> 0 | CP22: =CM22+1 -> 212 | CQ22: =OFFSET(Gemini抽出データ!$A$1,CP22,0) -> 0 | CS22: =DB15+1 -> 237 | CT22: =OFFSET(Gemini抽出データ!$A$1,CS22,0) -> 0 | CV22: =CS22+1 -> 238 | CW22: =OFFSET(Gemini抽出データ!$A$1,CV22,0) -> 0 | CY22: =CV22+1 -> 239 | CZ22: =OFFSET(Gemini抽出データ!$A$1,CY22,0) -> 0 | DB22: =CY22+1 -> 240 | DC22: =OFFSET(Gemini抽出データ!$A$1,DB22,0) -> 0 | DE22: =DN15+1 -> 265 | DF22: =OFFSET(Gemini抽出データ!$A$1,DE22,0) -> 0 | DH22: =DE22+1 -> 266 | DI22: =OFFSET(Gemini抽出データ!$A$1,DH22,0) -> 0 | DK22: =DH22+1 -> 267 | DL22: =OFFSET(Gemini抽出データ!$A$1,DK22,0) -> 0 | DN22: =DK22+1 -> 268 | DO22: =OFFSET(Gemini抽出データ!$A$1,DN22,0) -> 0 | DQ22: =DZ15+1 -> 293 | DR22: =OFFSET(Gemini抽出データ!$A$1,DQ22,0) -> 0 | DT22: =DQ22+1 -> 294 | DU22: =OFFSET(Gemini抽出データ!$A$1,DT22,0) -> 0 | DW22: =DT22+1 -> 295 | DX22: =OFFSET(Gemini抽出データ!$A$1,DW22,0) -> 0 | DZ22: =DW22+1 -> 296 | EA22: =OFFSET(Gemini抽出データ!$A$1,DZ22,0) -> 0 | EC22: =EL15+1 -> 321 | ED22: =OFFSET(Gemini抽出データ!$A$1,EC22,0) -> 0 | EF22: =EC22+1 -> 322 | EG22: =OFFSET(Gemini抽出データ!$A$1,EF22,0) -> 0 | EI22: =EF22+1 -> 323 | EJ22: =OFFSET(Gemini抽出データ!$A$1,EI22,0) -> 0 | EL22: =EI22+1 -> 324 | EM22: =OFFSET(Gemini抽出データ!$A$1,EL22,0) -> 0 | EO22: =EX15+1 -> 349 | EP22: =OFFSET(Gemini抽出データ!$A$1,EO22,0) -> 0 | ER22: =EO22+1 -> 350 | ES22: =OFFSET(Gemini抽出データ!$A$1,ER22,0) -> 0 | EU22: =ER22+1 -> 351 | EV22: =OFFSET(Gemini抽出データ!$A$1,EU22,0) -> 0 | EX22: =EU22+1 -> 352 | EY22: =OFFSET(Gemini抽出データ!$A$1,EX22,0) -> 0 | FA22: =FJ15+1 -> 377 | FB22: =OFFSET(Gemini抽出データ!$A$1,FA22,0) -> 0 | FD22: =FA22+1 -> 378 | FE22: =OFFSET(Gemini抽出データ!$A$1,FD22,0) -> 0 | FG22: =FD22+1 -> 379 | FH22: =OFFSET(Gemini抽出データ!$A$1,FG22,0) -> 0 | FJ22: =FG22+1 -> 380 | FK22: =OFFSET(Gemini抽出データ!$A$1,FJ22,0) -> 0 | FM22: =FV15+1 -> 405 | FN22: =OFFSET(Gemini抽出データ!$A$1,FM22,0) -> 0 | FP22: =FM22+1 -> 406 | FQ22: =OFFSET(Gemini抽出データ!$A$1,FP22,0) -> 0 | FS22: =FP22+1 -> 407 | FT22: =OFFSET(Gemini抽出データ!$A$1,FS22,0) -> 0 | FV22: =FS22+1 -> 408 | FW22: =OFFSET(Gemini抽出データ!$A$1,FV22,0) -> 0 | FY22: =GH15+1 -> 433 | FZ22: =OFFSET(Gemini抽出データ!$A$1,FY22,0) -> 0 | GB22: =FY22+1 -> 434 | GC22: =OFFSET(Gemini抽出データ!$A$1,GB22,0) -> 0 | GE22: =GB22+1 -> 435 | GF22: =OFFSET(Gemini抽出データ!$A$1,GE22,0) -> 0 | GH22: =GE22+1 -> 436 | GI22: =OFFSET(Gemini抽出データ!$A$1,GH22,0) -> 0 | GK22: =GT15+1 -> 461 | GL22: =OFFSET(Gemini抽出データ!$A$1,GK22,0) -> 0 | GN22: =GK22+1 -> 462 | GO22: =OFFSET(Gemini抽出データ!$A$1,GN22,0) -> 0 | GQ22: =GN22+1 -> 463 | GR22: =OFFSET(Gemini抽出データ!$A$1,GQ22,0) -> 0 | GT22: =GQ22+1 -> 464 | GU22: =OFFSET(Gemini抽出データ!$A$1,GT22,0) -> 0 | GW22: =HF15+1 -> 489 | GX22: =OFFSET(Gemini抽出データ!$A$1,GW22,0) -> 0 | GZ22: =GW22+1 -> 490 | HA22: =OFFSET(Gemini抽出データ!$A$1,GZ22,0) -> 0 | HC22: =GZ22+1 -> 491 | HD22: =OFFSET(Gemini抽出データ!$A$1,HC22,0) -> 0 | HF22: =HC22+1 -> 492 | HG22: =OFFSET(Gemini抽出データ!$A$1,HF22,0) -> 0 | HI22: =HR15+1 -> 517 | HJ22: =OFFSET(Gemini抽出データ!$A$1,HI22,0) -> 0 | HL22: =HI22+1 -> 518 | HM22: =OFFSET(Gemini抽出データ!$A$1,HL22,0) -> 0 | HO22: =HL22+1 -> 519 | HP22: =OFFSET(Gemini抽出データ!$A$1,HO22,0) -> 0 | HR22: =HO22+1 -> 520 | HS22: =OFFSET(Gemini抽出データ!$A$1,HR22,0) -> 0 | HU22: =OFFSET(Gemini抽出データ!$A$1,#REF!,0) -> #REF!
A23: ="クライアント名"&A$1 -> クライアント名1 | B23: =OFFSET(Gemini抽出データ!$A$1,A22,2) -> 0 | D23: ="クライアント名"&D$1 -> クライアント名2 | E23: =OFFSET(Gemini抽出データ!$A$1,D22,2) -> 0 | G23: ="クライアント名"&G$1 -> クライアント名3 | H23: =OFFSET(Gemini抽出データ!$A$1,G22,2) -> 0 | J23: ="クライアント名"&J$1 -> クライアント名4 | K23: =OFFSET(Gemini抽出データ!$A$1,J22,2) -> 0 | M23: ="クライアント名"&M$1 -> クライアント名29 | N23: =OFFSET(Gemini抽出データ!$A$1,M22,2) -> 0 | P23: ="クライアント名"&P$1 -> クライアント名30 | Q23: =OFFSET(Gemini抽出データ!$A$1,P22,2) -> 0 | S23: ="クライアント名"&S$1 -> クライアント名31 | T23: =OFFSET(Gemini抽出データ!$A$1,S22,2) -> 0 | V23: ="クライアント名"&V$1 -> クライアント名32 | W23: =OFFSET(Gemini抽出データ!$A$1,V22,2) -> 0 | Y23: ="クライアント名"&Y$1 -> クライアント名57 | Z23: =OFFSET(Gemini抽出データ!$A$1,Y22,2) -> 0 | AB23: ="クライアント名"&AB$1 -> クライアント名58 | AC23: =OFFSET(Gemini抽出データ!$A$1,AB22,2) -> 0 | AE23: ="クライアント名"&AE$1 -> クライアント名59 | AF23: =OFFSET(Gemini抽出データ!$A$1,AE22,2) -> 0 | AH23: ="クライアント名"&AH$1 -> クライアント名60 | AI23: =OFFSET(Gemini抽出データ!$A$1,AH22,2) -> 0 | AK23: ="クライアント名"&AK$1 -> クライアント名85 | AL23: =OFFSET(Gemini抽出データ!$A$1,AK22,2) -> 0 | AN23: ="クライアント名"&AN$1 -> クライアント名86 | AO23: =OFFSET(Gemini抽出データ!$A$1,AN22,2) -> 0 | AQ23: ="クライアント名"&AQ$1 -> クライアント名87 | AR23: =OFFSET(Gemini抽出データ!$A$1,AQ22,2) -> 0 | AT23: ="クライアント名"&AT$1 -> クライアント名88 | AU23: =OFFSET(Gemini抽出データ!$A$1,AT22,2) -> 0 | AW23: ="クライアント名"&AW$1 -> クライアント名113 | AX23: =OFFSET(Gemini抽出データ!$A$1,AW22,2) -> 0 | AZ23: ="クライアント名"&AZ$1 -> クライアント名114 | BA23: =OFFSET(Gemini抽出データ!$A$1,AZ22,2) -> 0 | BC23: ="クライアント名"&BC$1 -> クライアント名115 | BD23: =OFFSET(Gemini抽出データ!$A$1,BC22,2) -> 0 | BF23: ="クライアント名"&BF$1 -> クライアント名116 | BG23: =OFFSET(Gemini抽出データ!$A$1,BF22,2) -> 0 | BI23: ="クライアント名"&BI$1 -> クライアント名141 | BJ23: =OFFSET(Gemini抽出データ!$A$1,BI22,2) -> 0 | BL23: ="クライアント名"&BL$1 -> クライアント名142 | BM23: =OFFSET(Gemini抽出データ!$A$1,BL22,2) -> 0 | BO23: ="クライアント名"&BO$1 -> クライアント名143 | BP23: =OFFSET(Gemini抽出データ!$A$1,BO22,2) -> 0 | BR23: ="クライアント名"&BR$1 -> クライアント名144 | BS23: =OFFSET(Gemini抽出データ!$A$1,BR22,2) -> 0 | BU23: ="クライアント名"&BU$1 -> クライアント名169 | BV23: =OFFSET(Gemini抽出データ!$A$1,BU22,2) -> 0 | BX23: ="クライアント名"&BX$1 -> クライアント名170 | BY23: =OFFSET(Gemini抽出データ!$A$1,BX22,2) -> 0 | CA23: ="クライアント名"&CA$1 -> クライアント名171 | CB23: =OFFSET(Gemini抽出データ!$A$1,CA22,2) -> 0 | CD23: ="クライアント名"&CD$1 -> クライアント名172 | CE23: =OFFSET(Gemini抽出データ!$A$1,CD22,2) -> 0 | CG23: ="クライアント名"&CG$1 -> クライアント名197 | CH23: =OFFSET(Gemini抽出データ!$A$1,CG22,2) -> 0 | CJ23: ="クライアント名"&CJ$1 -> クライアント名198 | CK23: =OFFSET(Gemini抽出データ!$A$1,CJ22,2) -> 0 | CM23: ="クライアント名"&CM$1 -> クライアント名199 | CN23: =OFFSET(Gemini抽出データ!$A$1,CM22,2) -> 0 | CP23: ="クライアント名"&CP$1 -> クライアント名200 | CQ23: =OFFSET(Gemini抽出データ!$A$1,CP22,2) -> 0 | CS23: ="クライアント名"&CS$1 -> クライアント名225 | CT23: =OFFSET(Gemini抽出データ!$A$1,CS22,2) -> 0 | CV23: ="クライアント名"&CV$1 -> クライアント名226 | CW23: =OFFSET(Gemini抽出データ!$A$1,CV22,2) -> 0 | CY23: ="クライアント名"&CY$1 -> クライアント名227 | CZ23: =OFFSET(Gemini抽出データ!$A$1,CY22,2) -> 0 | DB23: ="クライアント名"&DB$1 -> クライアント名228 | DC23: =OFFSET(Gemini抽出データ!$A$1,DB22,2) -> 0 | DE23: ="クライアント名"&DE$1 -> クライアント名253 | DF23: =OFFSET(Gemini抽出データ!$A$1,DE22,2) -> 0 | DH23: ="クライアント名"&DH$1 -> クライアント名254 | DI23: =OFFSET(Gemini抽出データ!$A$1,DH22,2) -> 0 | DK23: ="クライアント名"&DK$1 -> クライアント名255 | DL23: =OFFSET(Gemini抽出データ!$A$1,DK22,2) -> 0 | DN23: ="クライアント名"&DN$1 -> クライアント名256 | DO23: =OFFSET(Gemini抽出データ!$A$1,DN22,2) -> 0 | DQ23: ="クライアント名"&DQ$1 -> クライアント名281 | DR23: =OFFSET(Gemini抽出データ!$A$1,DQ22,2) -> 0 | DT23: ="クライアント名"&DT$1 -> クライアント名282 | DU23: =OFFSET(Gemini抽出データ!$A$1,DT22,2) -> 0 | DW23: ="クライアント名"&DW$1 -> クライアント名283 | DX23: =OFFSET(Gemini抽出データ!$A$1,DW22,2) -> 0 | DZ23: ="クライアント名"&DZ$1 -> クライアント名284 | EA23: =OFFSET(Gemini抽出データ!$A$1,DZ22,2) -> 0 | EC23: ="クライアント名"&EC$1 -> クライアント名309 | ED23: =OFFSET(Gemini抽出データ!$A$1,EC22,2) -> 0 | EF23: ="クライアント名"&EF$1 -> クライアント名310 | EG23: =OFFSET(Gemini抽出データ!$A$1,EF22,2) -> 0 | EI23: ="クライアント名"&EI$1 -> クライアント名311 | EJ23: =OFFSET(Gemini抽出データ!$A$1,EI22,2) -> 0 | EL23: ="クライアント名"&EL$1 -> クライアント名312 | EM23: =OFFSET(Gemini抽出データ!$A$1,EL22,2) -> 0 | EO23: ="クライアント名"&EO$1 -> クライアント名337 | EP23: =OFFSET(Gemini抽出データ!$A$1,EO22,2) -> 0 | ER23: ="クライアント名"&ER$1 -> クライアント名338 | ES23: =OFFSET(Gemini抽出データ!$A$1,ER22,2) -> 0 | EU23: ="クライアント名"&EU$1 -> クライアント名339 | EV23: =OFFSET(Gemini抽出データ!$A$1,EU22,2) -> 0 | EX23: ="クライアント名"&EX$1 -> クライアント名340 | EY23: =OFFSET(Gemini抽出データ!$A$1,EX22,2) -> 0 | FA23: ="クライアント名"&FA$1 -> クライアント名365 | FB23: =OFFSET(Gemini抽出データ!$A$1,FA22,2) -> 0 | FD23: ="クライアント名"&FD$1 -> クライアント名366 | FE23: =OFFSET(Gemini抽出データ!$A$1,FD22,2) -> 0 | FG23: ="クライアント名"&FG$1 -> クライアント名367 | FH23: =OFFSET(Gemini抽出データ!$A$1,FG22,2) -> 0 | FJ23: ="クライアント名"&FJ$1 -> クライアント名368 | FK23: =OFFSET(Gemini抽出データ!$A$1,FJ22,2) -> 0 | FM23: ="クライアント名"&FM$1 -> クライアント名393 | FN23: =OFFSET(Gemini抽出データ!$A$1,FM22,2) -> 0 | FP23: ="クライアント名"&FP$1 -> クライアント名394 | FQ23: =OFFSET(Gemini抽出データ!$A$1,FP22,2) -> 0 | FS23: ="クライアント名"&FS$1 -> クライアント名395 | FT23: =OFFSET(Gemini抽出データ!$A$1,FS22,2) -> 0 | FV23: ="クライアント名"&FV$1 -> クライアント名396 | FW23: =OFFSET(Gemini抽出データ!$A$1,FV22,2) -> 0 | FY23: ="クライアント名"&FY$1 -> クライアント名421 | FZ23: =OFFSET(Gemini抽出データ!$A$1,FY22,2) -> 0 | GB23: ="クライアント名"&GB$1 -> クライアント名422 | GC23: =OFFSET(Gemini抽出データ!$A$1,GB22,2) -> 0 | GE23: ="クライアント名"&GE$1 -> クライアント名423 | GF23: =OFFSET(Gemini抽出データ!$A$1,GE22,2) -> 0 | GH23: ="クライアント名"&GH$1 -> クライアント名424 | GI23: =OFFSET(Gemini抽出データ!$A$1,GH22,2) -> 0 | GK23: ="クライアント名"&GK$1 -> クライアント名449 | GL23: =OFFSET(Gemini抽出データ!$A$1,GK22,2) -> 0 | GN23: ="クライアント名"&GN$1 -> クライアント名450 | GO23: =OFFSET(Gemini抽出データ!$A$1,GN22,2) -> 0 | GQ23: ="クライアント名"&GQ$1 -> クライアント名451 | GR23: =OFFSET(Gemini抽出データ!$A$1,GQ22,2) -> 0 | GT23: ="クライアント名"&GT$1 -> クライアント名452 | GU23: =OFFSET(Gemini抽出データ!$A$1,GT22,2) -> 0 | GW23: ="クライアント名"&GW$1 -> クライアント名477 | GX23: =OFFSET(Gemini抽出データ!$A$1,GW22,2) -> 0 | GZ23: ="クライアント名"&GZ$1 -> クライアント名478 | HA23: =OFFSET(Gemini抽出データ!$A$1,GZ22,2) -> 0 | HC23: ="クライアント名"&HC$1 -> クライアント名479 | HD23: =OFFSET(Gemini抽出データ!$A$1,HC22,2) -> 0 | HF23: ="クライアント名"&HF$1 -> クライアント名480 | HG23: =OFFSET(Gemini抽出データ!$A$1,HF22,2) -> 0 | HI23: ="クライアント名"&HI$1 -> クライアント名505 | HJ23: =OFFSET(Gemini抽出データ!$A$1,HI22,2) -> 0 | HL23: ="クライアント名"&HL$1 -> クライアント名506 | HM23: =OFFSET(Gemini抽出データ!$A$1,HL22,2) -> 0 | HO23: ="クライアント名"&HO$1 -> クライアント名507 | HP23: =OFFSET(Gemini抽出データ!$A$1,HO22,2) -> 0 | HR23: ="クライアント名"&HR$1 -> クライアント名508 | HS23: =OFFSET(Gemini抽出データ!$A$1,HR22,2) -> 0 | HU23: =OFFSET(Gemini抽出データ!$A$1,#REF!,2) -> #REF!
A24: ="種類"&A$1 -> 種類1 | B24: =IF(OFFSET(Gemini抽出データ!$A$1,A22,1)=0,"",OFFSET(Gemini抽出データ!$A$1,A22,1)) | D24: ="学年"&D$1 -> 学年2 | E24: =IF(OFFSET(Gemini抽出データ!$A$1,D22,1)=0,"",OFFSET(Gemini抽出データ!$A$1,D22,1)) | G24: ="学年"&G$1 -> 学年3 | H24: =IF(OFFSET(Gemini抽出データ!$A$1,G22,1)=0,"",OFFSET(Gemini抽出データ!$A$1,G22,1)) | J24: ="学年"&J$1 -> 学年4 | K24: =IF(OFFSET(Gemini抽出データ!$A$1,J22,1)=0,"",OFFSET(Gemini抽出データ!$A$1,J22,1)) | M24: ="種類"&M$1 -> 種類29 | N24: =IF(OFFSET(Gemini抽出データ!$A$1,M22,1)=0,"",OFFSET(Gemini抽出データ!$A$1,M22,1)) | P24: ="学年"&P$1 -> 学年30 | Q24: =IF(OFFSET(Gemini抽出データ!$A$1,P22,1)=0,"",OFFSET(Gemini抽出データ!$A$1,P22,1)) | S24: ="学年"&S$1 -> 学年31 | T24: =IF(OFFSET(Gemini抽出データ!$A$1,S22,1)=0,"",OFFSET(Gemini抽出データ!$A$1,S22,1)) | V24: ="学年"&V$1 -> 学年32 | W24: =IF(OFFSET(Gemini抽出データ!$A$1,V22,1)=0,"",OFFSET(Gemini抽出データ!$A$1,V22,1)) | Y24: ="種類"&Y$1 -> 種類57 | Z24: =IF(OFFSET(Gemini抽出データ!$A$1,Y22,1)=0,"",OFFSET(Gemini抽出データ!$A$1,Y22,1)) | AB24: ="学年"&AB$1 -> 学年58 | AC24: =IF(OFFSET(Gemini抽出データ!$A$1,AB22,1)=0,"",OFFSET(Gemini抽出データ!$A$1,AB22,1)) | AE24: ="学年"&AE$1 -> 学年59 | AF24: =IF(OFFSET(Gemini抽出データ!$A$1,AE22,1)=0,"",OFFSET(Gemini抽出データ!$A$1,AE22,1)) | AH24: ="学年"&AH$1 -> 学年60 | AI24: =IF(OFFSET(Gemini抽出データ!$A$1,AH22,1)=0,"",OFFSET(Gemini抽出データ!$A$1,AH22,1)) | AK24: ="種類"&AK$1 -> 種類85 | AL24: =IF(OFFSET(Gemini抽出データ!$A$1,AK22,1)=0,"",OFFSET(Gemini抽出データ!$A$1,AK22,1)) | AN24: ="学年"&AN$1 -> 学年86 | AO24: =IF(OFFSET(Gemini抽出データ!$A$1,AN22,1)=0,"",OFFSET(Gemini抽出データ!$A$1,AN22,1)) | AQ24: ="学年"&AQ$1 -> 学年87 | AR24: =IF(OFFSET(Gemini抽出データ!$A$1,AQ22,1)=0,"",OFFSET(Gemini抽出データ!$A$1,AQ22,1)) | AT24: ="学年"&AT$1 -> 学年88 | AU24: =IF(OFFSET(Gemini抽出データ!$A$1,AT22,1)=0,"",OFFSET(Gemini抽出データ!$A$1,AT22,1)) | AW24: ="種類"&AW$1 -> 種類113 | AX24: =IF(OFFSET(Gemini抽出データ!$A$1,AW22,1)=0,"",OFFSET(Gemini抽出データ!$A$1,AW22,1)) | AZ24: ="学年"&AZ$1 -> 学年114 | BA24: =IF(OFFSET(Gemini抽出データ!$A$1,AZ22,1)=0,"",OFFSET(Gemini抽出データ!$A$1,AZ22,1)) | BC24: ="学年"&BC$1 -> 学年115 | BD24: =IF(OFFSET(Gemini抽出データ!$A$1,BC22,1)=0,"",OFFSET(Gemini抽出データ!$A$1,BC22,1)) | BF24: ="学年"&BF$1 -> 学年116 | BG24: =IF(OFFSET(Gemini抽出データ!$A$1,BF22,1)=0,"",OFFSET(Gemini抽出データ!$A$1,BF22,1)) | BI24: ="種類"&BI$1 -> 種類141 | BJ24: =IF(OFFSET(Gemini抽出データ!$A$1,BI22,1)=0,"",OFFSET(Gemini抽出データ!$A$1,BI22,1)) | BL24: ="学年"&BL$1 -> 学年142 | BM24: =IF(OFFSET(Gemini抽出データ!$A$1,BL22,1)=0,"",OFFSET(Gemini抽出データ!$A$1,BL22,1)) | BO24: ="学年"&BO$1 -> 学年143 | BP24: =IF(OFFSET(Gemini抽出データ!$A$1,BO22,1)=0,"",OFFSET(Gemini抽出データ!$A$1,BO22,1)) | BR24: ="学年"&BR$1 -> 学年144 | BS24: =IF(OFFSET(Gemini抽出データ!$A$1,BR22,1)=0,"",OFFSET(Gemini抽出データ!$A$1,BR22,1)) | BU24: ="種類"&BU$1 -> 種類169 | BV24: =IF(OFFSET(Gemini抽出データ!$A$1,BU22,1)=0,"",OFFSET(Gemini抽出データ!$A$1,BU22,1)) | BX24: ="学年"&BX$1 -> 学年170 | BY24: =IF(OFFSET(Gemini抽出データ!$A$1,BX22,1)=0,"",OFFSET(Gemini抽出データ!$A$1,BX22,1)) | CA24: ="学年"&CA$1 -> 学年171 | CB24: =IF(OFFSET(Gemini抽出データ!$A$1,CA22,1)=0,"",OFFSET(Gemini抽出データ!$A$1,CA22,1)) | CD24: ="学年"&CD$1 -> 学年172 | CE24: =IF(OFFSET(Gemini抽出データ!$A$1,CD22,1)=0,"",OFFSET(Gemini抽出データ!$A$1,CD22,1)) | CG24: ="種類"&CG$1 -> 種類197 | CH24: =IF(OFFSET(Gemini抽出データ!$A$1,CG22,1)=0,"",OFFSET(Gemini抽出データ!$A$1,CG22,1)) | CJ24: ="学年"&CJ$1 -> 学年198 | CK24: =IF(OFFSET(Gemini抽出データ!$A$1,CJ22,1)=0,"",OFFSET(Gemini抽出データ!$A$1,CJ22,1)) | CM24: ="学年"&CM$1 -> 学年199 | CN24: =IF(OFFSET(Gemini抽出データ!$A$1,CM22,1)=0,"",OFFSET(Gemini抽出データ!$A$1,CM22,1)) | CP24: ="学年"&CP$1 -> 学年200 | CQ24: =IF(OFFSET(Gemini抽出データ!$A$1,CP22,1)=0,"",OFFSET(Gemini抽出データ!$A$1,CP22,1)) | CS24: ="種類"&CS$1 -> 種類225 | CT24: =IF(OFFSET(Gemini抽出データ!$A$1,CS22,1)=0,"",OFFSET(Gemini抽出データ!$A$1,CS22,1)) | CV24: ="学年"&CV$1 -> 学年226 | CW24: =IF(OFFSET(Gemini抽出データ!$A$1,CV22,1)=0,"",OFFSET(Gemini抽出データ!$A$1,CV22,1)) | CY24: ="学年"&CY$1 -> 学年227 | CZ24: =IF(OFFSET(Gemini抽出データ!$A$1,CY22,1)=0,"",OFFSET(Gemini抽出データ!$A$1,CY22,1)) | DB24: ="学年"&DB$1 -> 学年228 | DC24: =IF(OFFSET(Gemini抽出データ!$A$1,DB22,1)=0,"",OFFSET(Gemini抽出データ!$A$1,DB22,1)) | DE24: ="種類"&DE$1 -> 種類253 | DF24: =IF(OFFSET(Gemini抽出データ!$A$1,DE22,1)=0,"",OFFSET(Gemini抽出データ!$A$1,DE22,1)) | DH24: ="学年"&DH$1 -> 学年254 | DI24: =IF(OFFSET(Gemini抽出データ!$A$1,DH22,1)=0,"",OFFSET(Gemini抽出データ!$A$1,DH22,1)) | DK24: ="学年"&DK$1 -> 学年255 | DL24: =IF(OFFSET(Gemini抽出データ!$A$1,DK22,1)=0,"",OFFSET(Gemini抽出データ!$A$1,DK22,1)) | DN24: ="学年"&DN$1 -> 学年256 | DO24: =IF(OFFSET(Gemini抽出データ!$A$1,DN22,1)=0,"",OFFSET(Gemini抽出データ!$A$1,DN22,1)) | DQ24: ="種類"&DQ$1 -> 種類281 | DR24: =IF(OFFSET(Gemini抽出データ!$A$1,DQ22,1)=0,"",OFFSET(Gemini抽出データ!$A$1,DQ22,1)) | DT24: ="学年"&DT$1 -> 学年282 | DU24: =IF(OFFSET(Gemini抽出データ!$A$1,DT22,1)=0,"",OFFSET(Gemini抽出データ!$A$1,DT22,1)) | DW24: ="学年"&DW$1 -> 学年283 | DX24: =IF(OFFSET(Gemini抽出データ!$A$1,DW22,1)=0,"",OFFSET(Gemini抽出データ!$A$1,DW22,1)) | DZ24: ="学年"&DZ$1 -> 学年284 | EA24: =IF(OFFSET(Gemini抽出データ!$A$1,DZ22,1)=0,"",OFFSET(Gemini抽出データ!$A$1,DZ22,1)) | EC24: ="種類"&EC$1 -> 種類309 | ED24: =IF(OFFSET(Gemini抽出データ!$A$1,EC22,1)=0,"",OFFSET(Gemini抽出データ!$A$1,EC22,1)) | EF24: ="学年"&EF$1 -> 学年310 | EG24: =IF(OFFSET(Gemini抽出データ!$A$1,EF22,1)=0,"",OFFSET(Gemini抽出データ!$A$1,EF22,1)) | EI24: ="学年"&EI$1 -> 学年311 | EJ24: =IF(OFFSET(Gemini抽出データ!$A$1,EI22,1)=0,"",OFFSET(Gemini抽出データ!$A$1,EI22,1)) | EL24: ="学年"&EL$1 -> 学年312 | EM24: =IF(OFFSET(Gemini抽出データ!$A$1,EL22,1)=0,"",OFFSET(Gemini抽出データ!$A$1,EL22,1)) | EO24: ="種類"&EO$1 -> 種類337 | EP24: =IF(OFFSET(Gemini抽出データ!$A$1,EO22,1)=0,"",OFFSET(Gemini抽出データ!$A$1,EO22,1)) | ER24: ="学年"&ER$1 -> 学年338 | ES24: =IF(OFFSET(Gemini抽出データ!$A$1,ER22,1)=0,"",OFFSET(Gemini抽出データ!$A$1,ER22,1)) | EU24: ="学年"&EU$1 -> 学年339 | EV24: =IF(OFFSET(Gemini抽出データ!$A$1,EU22,1)=0,"",OFFSET(Gemini抽出データ!$A$1,EU22,1)) | EX24: ="学年"&EX$1 -> 学年340 | EY24: =IF(OFFSET(Gemini抽出データ!$A$1,EX22,1)=0,"",OFFSET(Gemini抽出データ!$A$1,EX22,1)) | FA24: ="種類"&FA$1 -> 種類365 | FB24: =IF(OFFSET(Gemini抽出データ!$A$1,FA22,1)=0,"",OFFSET(Gemini抽出データ!$A$1,FA22,1)) | FD24: ="学年"&FD$1 -> 学年366 | FE24: =IF(OFFSET(Gemini抽出データ!$A$1,FD22,1)=0,"",OFFSET(Gemini抽出データ!$A$1,FD22,1)) | FG24: ="学年"&FG$1 -> 学年367 | FH24: =IF(OFFSET(Gemini抽出データ!$A$1,FG22,1)=0,"",OFFSET(Gemini抽出データ!$A$1,FG22,1)) | FJ24: ="学年"&FJ$1 -> 学年368 | FK24: =IF(OFFSET(Gemini抽出データ!$A$1,FJ22,1)=0,"",OFFSET(Gemini抽出データ!$A$1,FJ22,1)) | FM24: ="種類"&FM$1 -> 種類393 | FN24: =IF(OFFSET(Gemini抽出データ!$A$1,FM22,1)=0,"",OFFSET(Gemini抽出データ!$A$1,FM22,1)) | FP24: ="学年"&FP$1 -> 学年394 | FQ24: =IF(OFFSET(Gemini抽出データ!$A$1,FP22,1)=0,"",OFFSET(Gemini抽出データ!$A$1,FP22,1)) | FS24: ="学年"&FS$1 -> 学年395 | FT24: =IF(OFFSET(Gemini抽出データ!$A$1,FS22,1)=0,"",OFFSET(Gemini抽出データ!$A$1,FS22,1)) | FV24: ="学年"&FV$1 -> 学年396 | FW24: =IF(OFFSET(Gemini抽出データ!$A$1,FV22,1)=0,"",OFFSET(Gemini抽出データ!$A$1,FV22,1)) | FY24: ="種類"&FY$1 -> 種類421 | FZ24: =IF(OFFSET(Gemini抽出データ!$A$1,FY22,1)=0,"",OFFSET(Gemini抽出データ!$A$1,FY22,1)) | GB24: ="学年"&GB$1 -> 学年422 | GC24: =IF(OFFSET(Gemini抽出データ!$A$1,GB22,1)=0,"",OFFSET(Gemini抽出データ!$A$1,GB22,1)) | GE24: ="学年"&GE$1 -> 学年423 | GF24: =IF(OFFSET(Gemini抽出データ!$A$1,GE22,1)=0,"",OFFSET(Gemini抽出データ!$A$1,GE22,1)) | GH24: ="学年"&GH$1 -> 学年424 | GI24: =IF(OFFSET(Gemini抽出データ!$A$1,GH22,1)=0,"",OFFSET(Gemini抽出データ!$A$1,GH22,1)) | GK24: ="種類"&GK$1 -> 種類449 | GL24: =IF(OFFSET(Gemini抽出データ!$A$1,GK22,1)=0,"",OFFSET(Gemini抽出データ!$A$1,GK22,1)) | GN24: ="学年"&GN$1 -> 学年450 | GO24: =IF(OFFSET(Gemini抽出データ!$A$1,GN22,1)=0,"",OFFSET(Gemini抽出データ!$A$1,GN22,1)) | GQ24: ="学年"&GQ$1 -> 学年451 | GR24: =IF(OFFSET(Gemini抽出データ!$A$1,GQ22,1)=0,"",OFFSET(Gemini抽出データ!$A$1,GQ22,1)) | GT24: ="学年"&GT$1 -> 学年452 | GU24: =IF(OFFSET(Gemini抽出データ!$A$1,GT22,1)=0,"",OFFSET(Gemini抽出データ!$A$1,GT22,1)) | GW24: ="種類"&GW$1 -> 種類477 | GX24: =IF(OFFSET(Gemini抽出データ!$A$1,GW22,1)=0,"",OFFSET(Gemini抽出データ!$A$1,GW22,1)) | GZ24: ="学年"&GZ$1 -> 学年478 | HA24: =IF(OFFSET(Gemini抽出データ!$A$1,GZ22,1)=0,"",OFFSET(Gemini抽出データ!$A$1,GZ22,1)) | HC24: ="学年"&HC$1 -> 学年479 | HD24: =IF(OFFSET(Gemini抽出データ!$A$1,HC22,1)=0,"",OFFSET(Gemini抽出データ!$A$1,HC22,1)) | HF24: ="学年"&HF$1 -> 学年480 | HG24: =IF(OFFSET(Gemini抽出データ!$A$1,HF22,1)=0,"",OFFSET(Gemini抽出データ!$A$1,HF22,1)) | HI24: ="種類"&HI$1 -> 種類505 | HJ24: =IF(OFFSET(Gemini抽出データ!$A$1,HI22,1)=0,"",OFFSET(Gemini抽出データ!$A$1,HI22,1)) | HL24: ="学年"&HL$1 -> 学年506 | HM24: =IF(OFFSET(Gemini抽出データ!$A$1,HL22,1)=0,"",OFFSET(Gemini抽出データ!$A$1,HL22,1)) | HO24: ="学年"&HO$1 -> 学年507 | HP24: =IF(OFFSET(Gemini抽出データ!$A$1,HO22,1)=0,"",OFFSET(Gemini抽出データ!$A$1,HO22,1)) | HR24: ="学年"&HR$1 -> 学年508 | HS24: =IF(OFFSET(Gemini抽出データ!$A$1,HR22,1)=0,"",OFFSET(Gemini抽出データ!$A$1,HR22,1)) | HU24: =IF(OFFSET(Gemini抽出データ!$A$1,#REF!,1)=0,"",OFFSET(Gemini抽出データ!$A$1,#REF!,1)) -> #REF!
A25: ="学年"&A$1 -> 学年1 | M25: ="学年"&M$1 -> 学年29 | Y25: ="学年"&Y$1 -> 学年57 | AK25: ="学年"&AK$1 -> 学年85 | AW25: ="学年"&AW$1 -> 学年113 | BI25: ="学年"&BI$1 -> 学年141 | BU25: ="学年"&BU$1 -> 学年169 | CG25: ="学年"&CG$1 -> 学年197 | CS25: ="学年"&CS$1 -> 学年225 | DE25: ="学年"&DE$1 -> 学年253 | DQ25: ="学年"&DQ$1 -> 学年281 | EC25: ="学年"&EC$1 -> 学年309 | EO25: ="学年"&EO$1 -> 学年337 | FA25: ="学年"&FA$1 -> 学年365 | FM25: ="学年"&FM$1 -> 学年393 | FY25: ="学年"&FY$1 -> 学年421 | GK25: ="学年"&GK$1 -> 学年449 | GW25: ="学年"&GW$1 -> 学年477 | HI25: ="学年"&HI$1 -> 学年505
B26: =OFFSET(Gemini抽出データ!$A$1,A22,3) -> 0 | E26: =OFFSET(Gemini抽出データ!$A$1,D22,3) -> 0 | H26: =OFFSET(Gemini抽出データ!$A$1,G22,3) -> 0 | K26: =OFFSET(Gemini抽出データ!$A$1,J22,3) -> 0 | N26: =OFFSET(Gemini抽出データ!$A$1,M22,3) -> 0 | Q26: =OFFSET(Gemini抽出データ!$A$1,P22,3) -> 0 | T26: =OFFSET(Gemini抽出データ!$A$1,S22,3) -> 0 | W26: =OFFSET(Gemini抽出データ!$A$1,V22,3) -> 0 | Z26: =OFFSET(Gemini抽出データ!$A$1,Y22,3) -> 0 | AC26: =OFFSET(Gemini抽出データ!$A$1,AB22,3) -> 0 | AF26: =OFFSET(Gemini抽出データ!$A$1,AE22,3) -> 0 | AI26: =OFFSET(Gemini抽出データ!$A$1,AH22,3) -> 0 | AL26: =OFFSET(Gemini抽出データ!$A$1,AK22,3) -> 0 | AO26: =OFFSET(Gemini抽出データ!$A$1,AN22,3) -> 0 | AR26: =OFFSET(Gemini抽出データ!$A$1,AQ22,3) -> 0 | AU26: =OFFSET(Gemini抽出データ!$A$1,AT22,3) -> 0 | AX26: =OFFSET(Gemini抽出データ!$A$1,AW22,3) -> 0 | BA26: =OFFSET(Gemini抽出データ!$A$1,AZ22,3) -> 0 | BD26: =OFFSET(Gemini抽出データ!$A$1,BC22,3) -> 0 | BG26: =OFFSET(Gemini抽出データ!$A$1,BF22,3) -> 0 | BJ26: =OFFSET(Gemini抽出データ!$A$1,BI22,3) -> 0 | BM26: =OFFSET(Gemini抽出データ!$A$1,BL22,3) -> 0 | BP26: =OFFSET(Gemini抽出データ!$A$1,BO22,3) -> 0 | BS26: =OFFSET(Gemini抽出データ!$A$1,BR22,3) -> 0 | BV26: =OFFSET(Gemini抽出データ!$A$1,BU22,3) -> 0 | BY26: =OFFSET(Gemini抽出データ!$A$1,BX22,3) -> 0 | CB26: =OFFSET(Gemini抽出データ!$A$1,CA22,3) -> 0 | CE26: =OFFSET(Gemini抽出データ!$A$1,CD22,3) -> 0 | CH26: =OFFSET(Gemini抽出データ!$A$1,CG22,3) -> 0 | CK26: =OFFSET(Gemini抽出データ!$A$1,CJ22,3) -> 0 | CN26: =OFFSET(Gemini抽出データ!$A$1,CM22,3) -> 0 | CQ26: =OFFSET(Gemini抽出データ!$A$1,CP22,3) -> 0 | CT26: =OFFSET(Gemini抽出データ!$A$1,CS22,3) -> 0 | CW26: =OFFSET(Gemini抽出データ!$A$1,CV22,3) -> 0 | CZ26: =OFFSET(Gemini抽出データ!$A$1,CY22,3) -> 0 | DC26: =OFFSET(Gemini抽出データ!$A$1,DB22,3) -> 0 | DF26: =OFFSET(Gemini抽出データ!$A$1,DE22,3) -> 0 | DI26: =OFFSET(Gemini抽出データ!$A$1,DH22,3) -> 0 | DL26: =OFFSET(Gemini抽出データ!$A$1,DK22,3) -> 0 | DO26: =OFFSET(Gemini抽出データ!$A$1,DN22,3) -> 0 | DR26: =OFFSET(Gemini抽出データ!$A$1,DQ22,3) -> 0 | DU26: =OFFSET(Gemini抽出データ!$A$1,DT22,3) -> 0 | DX26: =OFFSET(Gemini抽出データ!$A$1,DW22,3) -> 0 | EA26: =OFFSET(Gemini抽出データ!$A$1,DZ22,3) -> 0 | ED26: =OFFSET(Gemini抽出データ!$A$1,EC22,3) -> 0 | EG26: =OFFSET(Gemini抽出データ!$A$1,EF22,3) -> 0 | EJ26: =OFFSET(Gemini抽出データ!$A$1,EI22,3) -> 0 | EM26: =OFFSET(Gemini抽出データ!$A$1,EL22,3) -> 0 | EP26: =OFFSET(Gemini抽出データ!$A$1,EO22,3) -> 0 | ES26: =OFFSET(Gemini抽出データ!$A$1,ER22,3) -> 0 | EV26: =OFFSET(Gemini抽出データ!$A$1,EU22,3) -> 0 | EY26: =OFFSET(Gemini抽出データ!$A$1,EX22,3) -> 0 | FB26: =OFFSET(Gemini抽出データ!$A$1,FA22,3) -> 0 | FE26: =OFFSET(Gemini抽出データ!$A$1,FD22,3) -> 0 | FH26: =OFFSET(Gemini抽出データ!$A$1,FG22,3) -> 0 | FK26: =OFFSET(Gemini抽出データ!$A$1,FJ22,3) -> 0 | FN26: =OFFSET(Gemini抽出データ!$A$1,FM22,3) -> 0 | FQ26: =OFFSET(Gemini抽出データ!$A$1,FP22,3) -> 0 | FT26: =OFFSET(Gemini抽出データ!$A$1,FS22,3) -> 0 | FW26: =OFFSET(Gemini抽出データ!$A$1,FV22,3) -> 0 | FZ26: =OFFSET(Gemini抽出データ!$A$1,FY22,3) -> 0 | GC26: =OFFSET(Gemini抽出データ!$A$1,GB22,3) -> 0 | GF26: =OFFSET(Gemini抽出データ!$A$1,GE22,3) -> 0 | GI26: =OFFSET(Gemini抽出データ!$A$1,GH22,3) -> 0 | GL26: =OFFSET(Gemini抽出データ!$A$1,GK22,3) -> 0 | GO26: =OFFSET(Gemini抽出データ!$A$1,GN22,3) -> 0 | GR26: =OFFSET(Gemini抽出データ!$A$1,GQ22,3) -> 0 | GU26: =OFFSET(Gemini抽出データ!$A$1,GT22,3) -> 0 | GX26: =OFFSET(Gemini抽出データ!$A$1,GW22,3) -> 0 | HA26: =OFFSET(Gemini抽出データ!$A$1,GZ22,3) -> 0 | HD26: =OFFSET(Gemini抽出データ!$A$1,HC22,3) -> 0 | HG26: =OFFSET(Gemini抽出データ!$A$1,HF22,3) -> 0 | HJ26: =OFFSET(Gemini抽出データ!$A$1,HI22,3) -> 0 | HM26: =OFFSET(Gemini抽出データ!$A$1,HL22,3) -> 0 | HP26: =OFFSET(Gemini抽出データ!$A$1,HO22,3) -> 0 | HS26: =OFFSET(Gemini抽出データ!$A$1,HR22,3) -> 0 | HU26: =OFFSET(Gemini抽出データ!$A$1,#REF!,3) -> #REF!
D27: ="クラス"&D$1 -> クラス2 | G27: ="クラス"&G$1 -> クラス3 | J27: ="クラス"&J$1 -> クラス4 | P27: ="クラス"&P$1 -> クラス30 | S27: ="クラス"&S$1 -> クラス31 | V27: ="クラス"&V$1 -> クラス32 | AB27: ="クラス"&AB$1 -> クラス58 | AE27: ="クラス"&AE$1 -> クラス59 | AH27: ="クラス"&AH$1 -> クラス60 | AN27: ="クラス"&AN$1 -> クラス86 | AQ27: ="クラス"&AQ$1 -> クラス87 | AT27: ="クラス"&AT$1 -> クラス88 | AZ27: ="クラス"&AZ$1 -> クラス114 | BC27: ="クラス"&BC$1 -> クラス115 | BF27: ="クラス"&BF$1 -> クラス116 | BL27: ="クラス"&BL$1 -> クラス142 | BO27: ="クラス"&BO$1 -> クラス143 | BR27: ="クラス"&BR$1 -> クラス144 | BX27: ="クラス"&BX$1 -> クラス170 | CA27: ="クラス"&CA$1 -> クラス171 | CD27: ="クラス"&CD$1 -> クラス172 | CJ27: ="クラス"&CJ$1 -> クラス198 | CM27: ="クラス"&CM$1 -> クラス199 | CP27: ="クラス"&CP$1 -> クラス200 | CV27: ="クラス"&CV$1 -> クラス226 | CY27: ="クラス"&CY$1 -> クラス227 | DB27: ="クラス"&DB$1 -> クラス228 | DH27: ="クラス"&DH$1 -> クラス254 | DK27: ="クラス"&DK$1 -> クラス255 | DN27: ="クラス"&DN$1 -> クラス256 | DT27: ="クラス"&DT$1 -> クラス282 | DW27: ="クラス"&DW$1 -> クラス283 | DZ27: ="クラス"&DZ$1 -> クラス284 | EF27: ="クラス"&EF$1 -> クラス310 | EI27: ="クラス"&EI$1 -> クラス311 | EL27: ="クラス"&EL$1 -> クラス312 | ER27: ="クラス"&ER$1 -> クラス338 | EU27: ="クラス"&EU$1 -> クラス339 | EX27: ="クラス"&EX$1 -> クラス340 | FD27: ="クラス"&FD$1 -> クラス366 | FG27: ="クラス"&FG$1 -> クラス367 | FJ27: ="クラス"&FJ$1 -> クラス368 | FP27: ="クラス"&FP$1 -> クラス394 | FS27: ="クラス"&FS$1 -> クラス395 | FV27: ="クラス"&FV$1 -> クラス396 | GB27: ="クラス"&GB$1 -> クラス422 | GE27: ="クラス"&GE$1 -> クラス423 | GH27: ="クラス"&GH$1 -> クラス424 | GN27: ="クラス"&GN$1 -> クラス450 | GQ27: ="クラス"&GQ$1 -> クラス451 | GT27: ="クラス"&GT$1 -> クラス452 | GZ27: ="クラス"&GZ$1 -> クラス478 | HC27: ="クラス"&HC$1 -> クラス479 | HF27: ="クラス"&HF$1 -> クラス480 | HL27: ="クラス"&HL$1 -> クラス506 | HO27: ="クラス"&HO$1 -> クラス507 | HR27: ="クラス"&HR$1 -> クラス508
A28: ="クラス"&A$1 -> クラス1 | B28: =OFFSET(Gemini抽出データ!$A$1,A22,4) -> 0 | C28: =IF(OFFSET(Gemini抽出データ!$A$1,A22,5)=0,"",OFFSET(Gemini抽出データ!$A$1,A22,5)) | D28: =A28 -> クラス1 | E28: =OFFSET(Gemini抽出データ!$A$1,D22,4) -> 0 | F28: =IF(OFFSET(Gemini抽出データ!$A$1,D22,5)=0,"",OFFSET(Gemini抽出データ!$A$1,D22,5)) | G28: =A28 -> クラス1 | H28: =OFFSET(Gemini抽出データ!$A$1,G22,4) -> 0 | I28: =IF(OFFSET(Gemini抽出データ!$A$1,G22,5)=0,"",OFFSET(Gemini抽出データ!$A$1,G22,5)) | J28: =G28 -> クラス1 | K28: =OFFSET(Gemini抽出データ!$A$1,J22,4) -> 0 | L28: =IF(OFFSET(Gemini抽出データ!$A$1,J22,5)=0,"",OFFSET(Gemini抽出データ!$A$1,J22,5)) | M28: ="クラス"&M$1 -> クラス29 | N28: =OFFSET(Gemini抽出データ!$A$1,M22,4) -> 0 | O28: =IF(OFFSET(Gemini抽出データ!$A$1,M22,5)=0,"",OFFSET(Gemini抽出データ!$A$1,M22,5)) | P28: =M28 -> クラス29 | Q28: =OFFSET(Gemini抽出データ!$A$1,P22,4) -> 0 | R28: =IF(OFFSET(Gemini抽出データ!$A$1,P22,5)=0,"",OFFSET(Gemini抽出データ!$A$1,P22,5)) | S28: =M28 -> クラス29 | T28: =OFFSET(Gemini抽出データ!$A$1,S22,4) -> 0 | U28: =IF(OFFSET(Gemini抽出データ!$A$1,S22,5)=0,"",OFFSET(Gemini抽出データ!$A$1,S22,5)) | V28: =S28 -> クラス29 | W28: =OFFSET(Gemini抽出データ!$A$1,V22,4) -> 0 | X28: =IF(OFFSET(Gemini抽出データ!$A$1,V22,5)=0,"",OFFSET(Gemini抽出データ!$A$1,V22,5)) | Y28: ="クラス"&Y$1 -> クラス57 | Z28: =OFFSET(Gemini抽出データ!$A$1,Y22,4) -> 0 | AA28: =IF(OFFSET(Gemini抽出データ!$A$1,Y22,5)=0,"",OFFSET(Gemini抽出データ!$A$1,Y22,5)) | AB28: =Y28 -> クラス57 | AC28: =OFFSET(Gemini抽出データ!$A$1,AB22,4) -> 0 | AD28: =IF(OFFSET(Gemini抽出データ!$A$1,AB22,5)=0,"",OFFSET(Gemini抽出データ!$A$1,AB22,5)) | AE28: =Y28 -> クラス57 | AF28: =OFFSET(Gemini抽出データ!$A$1,AE22,4) -> 0 | AG28: =IF(OFFSET(Gemini抽出データ!$A$1,AE22,5)=0,"",OFFSET(Gemini抽出データ!$A$1,AE22,5)) | AH28: =AE28 -> クラス57 | AI28: =OFFSET(Gemini抽出データ!$A$1,AH22,4) -> 0 | AJ28: =IF(OFFSET(Gemini抽出データ!$A$1,AH22,5)=0,"",OFFSET(Gemini抽出データ!$A$1,AH22,5)) | AK28: ="クラス"&AK$1 -> クラス85 | AL28: =OFFSET(Gemini抽出データ!$A$1,AK22,4) -> 0 | AM28: =IF(OFFSET(Gemini抽出データ!$A$1,AK22,5)=0,"",OFFSET(Gemini抽出データ!$A$1,AK22,5)) | AN28: =AK28 -> クラス85 | AO28: =OFFSET(Gemini抽出データ!$A$1,AN22,4) -> 0 | AP28: =IF(OFFSET(Gemini抽出データ!$A$1,AN22,5)=0,"",OFFSET(Gemini抽出データ!$A$1,AN22,5)) | AQ28: =AK28 -> クラス85 | AR28: =OFFSET(Gemini抽出データ!$A$1,AQ22,4) -> 0 | AS28: =IF(OFFSET(Gemini抽出データ!$A$1,AQ22,5)=0,"",OFFSET(Gemini抽出データ!$A$1,AQ22,5)) | AT28: =AQ28 -> クラス85 | AU28: =OFFSET(Gemini抽出データ!$A$1,AT22,4) -> 0 | AV28: =IF(OFFSET(Gemini抽出データ!$A$1,AT22,5)=0,"",OFFSET(Gemini抽出データ!$A$1,AT22,5)) | AW28: ="クラス"&AW$1 -> クラス113 | AX28: =OFFSET(Gemini抽出データ!$A$1,AW22,4) -> 0 | AY28: =IF(OFFSET(Gemini抽出データ!$A$1,AW22,5)=0,"",OFFSET(Gemini抽出データ!$A$1,AW22,5)) | AZ28: =AW28 -> クラス113 | BA28: =OFFSET(Gemini抽出データ!$A$1,AZ22,4) -> 0 | BB28: =IF(OFFSET(Gemini抽出データ!$A$1,AZ22,5)=0,"",OFFSET(Gemini抽出データ!$A$1,AZ22,5)) | BC28: =AW28 -> クラス113 | BD28: =OFFSET(Gemini抽出データ!$A$1,BC22,4) -> 0 | BE28: =IF(OFFSET(Gemini抽出データ!$A$1,BC22,5)=0,"",OFFSET(Gemini抽出データ!$A$1,BC22,5)) | BF28: =BC28 -> クラス113 | BG28: =OFFSET(Gemini抽出データ!$A$1,BF22,4) -> 0 | BH28: =IF(OFFSET(Gemini抽出データ!$A$1,BF22,5)=0,"",OFFSET(Gemini抽出データ!$A$1,BF22,5)) | BI28: ="クラス"&BI$1 -> クラス141 | BJ28: =OFFSET(Gemini抽出データ!$A$1,BI22,4) -> 0 | BK28: =IF(OFFSET(Gemini抽出データ!$A$1,BI22,5)=0,"",OFFSET(Gemini抽出データ!$A$1,BI22,5)) | BL28: =BI28 -> クラス141 | BM28: =OFFSET(Gemini抽出データ!$A$1,BL22,4) -> 0 | BN28: =IF(OFFSET(Gemini抽出データ!$A$1,BL22,5)=0,"",OFFSET(Gemini抽出データ!$A$1,BL22,5)) | BO28: =BI28 -> クラス141 | BP28: =OFFSET(Gemini抽出データ!$A$1,BO22,4) -> 0 | BQ28: =IF(OFFSET(Gemini抽出データ!$A$1,BO22,5)=0,"",OFFSET(Gemini抽出データ!$A$1,BO22,5)) | BR28: =BO28 -> クラス141 | BS28: =OFFSET(Gemini抽出データ!$A$1,BR22,4) -> 0 | BT28: =IF(OFFSET(Gemini抽出データ!$A$1,BR22,5)=0,"",OFFSET(Gemini抽出データ!$A$1,BR22,5)) | BU28: ="クラス"&BU$1 -> クラス169 | BV28: =OFFSET(Gemini抽出データ!$A$1,BU22,4) -> 0 | BW28: =IF(OFFSET(Gemini抽出データ!$A$1,BU22,5)=0,"",OFFSET(Gemini抽出データ!$A$1,BU22,5)) | BX28: =BU28 -> クラス169 | BY28: =OFFSET(Gemini抽出データ!$A$1,BX22,4) -> 0 | BZ28: =IF(OFFSET(Gemini抽出データ!$A$1,BX22,5)=0,"",OFFSET(Gemini抽出データ!$A$1,BX22,5)) | CA28: =BU28 -> クラス169 | CB28: =OFFSET(Gemini抽出データ!$A$1,CA22,4) -> 0 | CC28: =IF(OFFSET(Gemini抽出データ!$A$1,CA22,5)=0,"",OFFSET(Gemini抽出データ!$A$1,CA22,5)) | CD28: =CA28 -> クラス169 | CE28: =OFFSET(Gemini抽出データ!$A$1,CD22,4) -> 0 | CF28: =IF(OFFSET(Gemini抽出データ!$A$1,CD22,5)=0,"",OFFSET(Gemini抽出データ!$A$1,CD22,5)) | CG28: ="クラス"&CG$1 -> クラス197 | CH28: =OFFSET(Gemini抽出データ!$A$1,CG22,4) -> 0 | CI28: =IF(OFFSET(Gemini抽出データ!$A$1,CG22,5)=0,"",OFFSET(Gemini抽出データ!$A$1,CG22,5)) | CJ28: =CG28 -> クラス197 | CK28: =OFFSET(Gemini抽出データ!$A$1,CJ22,4) -> 0 | CL28: =IF(OFFSET(Gemini抽出データ!$A$1,CJ22,5)=0,"",OFFSET(Gemini抽出データ!$A$1,CJ22,5)) | CM28: =CG28 -> クラス197 | CN28: =OFFSET(Gemini抽出データ!$A$1,CM22,4) -> 0 | CO28: =IF(OFFSET(Gemini抽出データ!$A$1,CM22,5)=0,"",OFFSET(Gemini抽出データ!$A$1,CM22,5)) | CP28: =CM28 -> クラス197 | CQ28: =OFFSET(Gemini抽出データ!$A$1,CP22,4) -> 0 | CR28: =IF(OFFSET(Gemini抽出データ!$A$1,CP22,5)=0,"",OFFSET(Gemini抽出データ!$A$1,CP22,5)) | CS28: ="クラス"&CS$1 -> クラス225 | CT28: =OFFSET(Gemini抽出データ!$A$1,CS22,4) -> 0 | CU28: =IF(OFFSET(Gemini抽出データ!$A$1,CS22,5)=0,"",OFFSET(Gemini抽出データ!$A$1,CS22,5)) | CV28: =CS28 -> クラス225 | CW28: =OFFSET(Gemini抽出データ!$A$1,CV22,4) -> 0 | CX28: =IF(OFFSET(Gemini抽出データ!$A$1,CV22,5)=0,"",OFFSET(Gemini抽出データ!$A$1,CV22,5)) | CY28: =CS28 -> クラス225 | CZ28: =OFFSET(Gemini抽出データ!$A$1,CY22,4) -> 0 | DA28: =IF(OFFSET(Gemini抽出データ!$A$1,CY22,5)=0,"",OFFSET(Gemini抽出データ!$A$1,CY22,5)) | DB28: =CY28 -> クラス225 | DC28: =OFFSET(Gemini抽出データ!$A$1,DB22,4) -> 0 | DD28: =IF(OFFSET(Gemini抽出データ!$A$1,DB22,5)=0,"",OFFSET(Gemini抽出データ!$A$1,DB22,5)) | DE28: ="クラス"&DE$1 -> クラス253 | DF28: =OFFSET(Gemini抽出データ!$A$1,DE22,4) -> 0 | DG28: =IF(OFFSET(Gemini抽出データ!$A$1,DE22,5)=0,"",OFFSET(Gemini抽出データ!$A$1,DE22,5)) | DH28: =DE28 -> クラス253 | DI28: =OFFSET(Gemini抽出データ!$A$1,DH22,4) -> 0 | DJ28: =IF(OFFSET(Gemini抽出データ!$A$1,DH22,5)=0,"",OFFSET(Gemini抽出データ!$A$1,DH22,5)) | DK28: =DE28 -> クラス253 | DL28: =OFFSET(Gemini抽出データ!$A$1,DK22,4) -> 0 | DM28: =IF(OFFSET(Gemini抽出データ!$A$1,DK22,5)=0,"",OFFSET(Gemini抽出データ!$A$1,DK22,5)) | DN28: =DK28 -> クラス253 | DO28: =OFFSET(Gemini抽出データ!$A$1,DN22,4) -> 0 | DP28: =IF(OFFSET(Gemini抽出データ!$A$1,DN22,5)=0,"",OFFSET(Gemini抽出データ!$A$1,DN22,5)) | DQ28: ="クラス"&DQ$1 -> クラス281 | DR28: =OFFSET(Gemini抽出データ!$A$1,DQ22,4) -> 0 | DS28: =IF(OFFSET(Gemini抽出データ!$A$1,DQ22,5)=0,"",OFFSET(Gemini抽出データ!$A$1,DQ22,5)) | DT28: =DQ28 -> クラス281 | DU28: =OFFSET(Gemini抽出データ!$A$1,DT22,4) -> 0 | DV28: =IF(OFFSET(Gemini抽出データ!$A$1,DT22,5)=0,"",OFFSET(Gemini抽出データ!$A$1,DT22,5)) | DW28: =DQ28 -> クラス281 | DX28: =OFFSET(Gemini抽出データ!$A$1,DW22,4) -> 0 | DY28: =IF(OFFSET(Gemini抽出データ!$A$1,DW22,5)=0,"",OFFSET(Gemini抽出データ!$A$1,DW22,5)) | DZ28: =DW28 -> クラス281 | EA28: =OFFSET(Gemini抽出データ!$A$1,DZ22,4) -> 0 | EB28: =IF(OFFSET(Gemini抽出データ!$A$1,DZ22,5)=0,"",OFFSET(Gemini抽出データ!$A$1,DZ22,5)) | EC28: ="クラス"&EC$1 -> クラス309 | ED28: =OFFSET(Gemini抽出データ!$A$1,EC22,4) -> 0 | EE28: =IF(OFFSET(Gemini抽出データ!$A$1,EC22,5)=0,"",OFFSET(Gemini抽出データ!$A$1,EC22,5)) | EF28: =EC28 -> クラス309 | EG28: =OFFSET(Gemini抽出データ!$A$1,EF22,4) -> 0 | EH28: =IF(OFFSET(Gemini抽出データ!$A$1,EF22,5)=0,"",OFFSET(Gemini抽出データ!$A$1,EF22,5)) | EI28: =EC28 -> クラス309 | EJ28: =OFFSET(Gemini抽出データ!$A$1,EI22,4) -> 0 | EK28: =IF(OFFSET(Gemini抽出データ!$A$1,EI22,5)=0,"",OFFSET(Gemini抽出データ!$A$1,EI22,5)) | EL28: =EI28 -> クラス309 | EM28: =OFFSET(Gemini抽出データ!$A$1,EL22,4) -> 0 | EN28: =IF(OFFSET(Gemini抽出データ!$A$1,EL22,5)=0,"",OFFSET(Gemini抽出データ!$A$1,EL22,5)) | EO28: ="クラス"&EO$1 -> クラス337 | EP28: =OFFSET(Gemini抽出データ!$A$1,EO22,4) -> 0 | EQ28: =IF(OFFSET(Gemini抽出データ!$A$1,EO22,5)=0,"",OFFSET(Gemini抽出データ!$A$1,EO22,5)) | ER28: =EO28 -> クラス337 | ES28: =OFFSET(Gemini抽出データ!$A$1,ER22,4) -> 0 | ET28: =IF(OFFSET(Gemini抽出データ!$A$1,ER22,5)=0,"",OFFSET(Gemini抽出データ!$A$1,ER22,5)) | EU28: =EO28 -> クラス337 | EV28: =OFFSET(Gemini抽出データ!$A$1,EU22,4) -> 0 | EW28: =IF(OFFSET(Gemini抽出データ!$A$1,EU22,5)=0,"",OFFSET(Gemini抽出データ!$A$1,EU22,5)) | EX28: =EU28 -> クラス337 | EY28: =OFFSET(Gemini抽出データ!$A$1,EX22,4) -> 0 | EZ28: =IF(OFFSET(Gemini抽出データ!$A$1,EX22,5)=0,"",OFFSET(Gemini抽出データ!$A$1,EX22,5)) | FA28: ="クラス"&FA$1 -> クラス365 | FB28: =OFFSET(Gemini抽出データ!$A$1,FA22,4) -> 0 | FC28: =IF(OFFSET(Gemini抽出データ!$A$1,FA22,5)=0,"",OFFSET(Gemini抽出データ!$A$1,FA22,5)) | FD28: =FA28 -> クラス365 | FE28: =OFFSET(Gemini抽出データ!$A$1,FD22,4) -> 0 | FF28: =IF(OFFSET(Gemini抽出データ!$A$1,FD22,5)=0,"",OFFSET(Gemini抽出データ!$A$1,FD22,5)) | FG28: =FA28 -> クラス365 | FH28: =OFFSET(Gemini抽出データ!$A$1,FG22,4) -> 0 | FI28: =IF(OFFSET(Gemini抽出データ!$A$1,FG22,5)=0,"",OFFSET(Gemini抽出データ!$A$1,FG22,5)) | FJ28: =FG28 -> クラス365 | FK28: =OFFSET(Gemini抽出データ!$A$1,FJ22,4) -> 0 | FL28: =IF(OFFSET(Gemini抽出データ!$A$1,FJ22,5)=0,"",OFFSET(Gemini抽出データ!$A$1,FJ22,5)) | FM28: ="クラス"&FM$1 -> クラス393 | FN28: =OFFSET(Gemini抽出データ!$A$1,FM22,4) -> 0 | FO28: =IF(OFFSET(Gemini抽出データ!$A$1,FM22,5)=0,"",OFFSET(Gemini抽出データ!$A$1,FM22,5)) | FP28: =FM28 -> クラス393 | FQ28: =OFFSET(Gemini抽出データ!$A$1,FP22,4) -> 0 | FR28: =IF(OFFSET(Gemini抽出データ!$A$1,FP22,5)=0,"",OFFSET(Gemini抽出データ!$A$1,FP22,5)) | FS28: =FM28 -> クラス393 | FT28: =OFFSET(Gemini抽出データ!$A$1,FS22,4) -> 0 | FU28: =IF(OFFSET(Gemini抽出データ!$A$1,FS22,5)=0,"",OFFSET(Gemini抽出データ!$A$1,FS22,5)) | FV28: =FS28 -> クラス393 | FW28: =OFFSET(Gemini抽出データ!$A$1,FV22,4) -> 0 | FX28: =IF(OFFSET(Gemini抽出データ!$A$1,FV22,5)=0,"",OFFSET(Gemini抽出データ!$A$1,FV22,5)) | FY28: ="クラス"&FY$1 -> クラス421 | FZ28: =OFFSET(Gemini抽出データ!$A$1,FY22,4) -> 0 | GA28: =IF(OFFSET(Gemini抽出データ!$A$1,FY22,5)=0,"",OFFSET(Gemini抽出データ!$A$1,FY22,5)) | GB28: =FY28 -> クラス421 | GC28: =OFFSET(Gemini抽出データ!$A$1,GB22,4) -> 0 | GD28: =IF(OFFSET(Gemini抽出データ!$A$1,GB22,5)=0,"",OFFSET(Gemini抽出データ!$A$1,GB22,5)) | GE28: =FY28 -> クラス421 | GF28: =OFFSET(Gemini抽出データ!$A$1,GE22,4) -> 0 | GG28: =IF(OFFSET(Gemini抽出データ!$A$1,GE22,5)=0,"",OFFSET(Gemini抽出データ!$A$1,GE22,5)) | GH28: =GE28 -> クラス421 | GI28: =OFFSET(Gemini抽出データ!$A$1,GH22,4) -> 0 | GJ28: =IF(OFFSET(Gemini抽出データ!$A$1,GH22,5)=0,"",OFFSET(Gemini抽出データ!$A$1,GH22,5)) | GK28: ="クラス"&GK$1 -> クラス449 | GL28: =OFFSET(Gemini抽出データ!$A$1,GK22,4) -> 0 | GM28: =IF(OFFSET(Gemini抽出データ!$A$1,GK22,5)=0,"",OFFSET(Gemini抽出データ!$A$1,GK22,5)) | GN28: =GK28 -> クラス449 | GO28: =OFFSET(Gemini抽出データ!$A$1,GN22,4) -> 0 | GP28: =IF(OFFSET(Gemini抽出データ!$A$1,GN22,5)=0,"",OFFSET(Gemini抽出データ!$A$1,GN22,5)) | GQ28: =GK28 -> クラス449 | GR28: =OFFSET(Gemini抽出データ!$A$1,GQ22,4) -> 0 | GS28: =IF(OFFSET(Gemini抽出データ!$A$1,GQ22,5)=0,"",OFFSET(Gemini抽出データ!$A$1,GQ22,5)) | GT28: =GQ28 -> クラス449 | GU28: =OFFSET(Gemini抽出データ!$A$1,GT22,4) -> 0 | GV28: =IF(OFFSET(Gemini抽出データ!$A$1,GT22,5)=0,"",OFFSET(Gemini抽出データ!$A$1,GT22,5)) | GW28: ="クラス"&GW$1 -> クラス477 | GX28: =OFFSET(Gemini抽出データ!$A$1,GW22,4) -> 0 | GY28: =IF(OFFSET(Gemini抽出データ!$A$1,GW22,5)=0,"",OFFSET(Gemini抽出データ!$A$1,GW22,5)) | GZ28: =GW28 -> クラス477 | HA28: =OFFSET(Gemini抽出データ!$A$1,GZ22,4) -> 0 | HB28: =IF(OFFSET(Gemini抽出データ!$A$1,GZ22,5)=0,"",OFFSET(Gemini抽出データ!$A$1,GZ22,5)) | HC28: =GW28 -> クラス477 | HD28: =OFFSET(Gemini抽出データ!$A$1,HC22,4) -> 0 | HE28: =IF(OFFSET(Gemini抽出データ!$A$1,HC22,5)=0,"",OFFSET(Gemini抽出データ!$A$1,HC22,5)) | HF28: =HC28 -> クラス477 | HG28: =OFFSET(Gemini抽出データ!$A$1,HF22,4) -> 0 | HH28: =IF(OFFSET(Gemini抽出データ!$A$1,HF22,5)=0,"",OFFSET(Gemini抽出データ!$A$1,HF22,5)) | HI28: ="クラス"&HI$1 -> クラス505 | HJ28: =OFFSET(Gemini抽出データ!$A$1,HI22,4) -> 0 | HK28: =IF(OFFSET(Gemini抽出データ!$A$1,HI22,5)=0,"",OFFSET(Gemini抽出データ!$A$1,HI22,5)) | HL28: =HI28 -> クラス505 | HM28: =OFFSET(Gemini抽出データ!$A$1,HL22,4) -> 0 | HN28: =IF(OFFSET(Gemini抽出データ!$A$1,HL22,5)=0,"",OFFSET(Gemini抽出データ!$A$1,HL22,5)) | HO28: =HI28 -> クラス505 | HP28: =OFFSET(Gemini抽出データ!$A$1,HO22,4) -> 0 | HQ28: =IF(OFFSET(Gemini抽出データ!$A$1,HO22,5)=0,"",OFFSET(Gemini抽出データ!$A$1,HO22,5)) | HR28: =HO28 -> クラス505 | HS28: =OFFSET(Gemini抽出データ!$A$1,HR22,4) -> 0 | HT28: =IF(OFFSET(Gemini抽出データ!$A$1,HR22,5)=0,"",OFFSET(Gemini抽出データ!$A$1,HR22,5)) | HU28: =OFFSET(Gemini抽出データ!$A$1,#REF!,4) -> #REF! | HV28: =IF(OFFSET(Gemini抽出データ!$A$1,#REF!,5)=0,"",OFFSET(Gemini抽出データ!$A$1,#REF!,5)) -> #REF!
A29: =J22+1 -> 17 | B29: =OFFSET(Gemini抽出データ!$A$1,A29,0) -> 0 | D29: =A29+1 -> 18 | E29: =OFFSET(Gemini抽出データ!$A$1,D29,0) -> 0 | G29: =D29+1 -> 19 | H29: =OFFSET(Gemini抽出データ!$A$1,G29,0) -> 0 | J29: =G29+1 -> 20 | K29: =OFFSET(Gemini抽出データ!$A$1,J29,0) -> 0 | M29: =V22+1 -> 45 | N29: =OFFSET(Gemini抽出データ!$A$1,M29,0) -> 0 | P29: =M29+1 -> 46 | Q29: =OFFSET(Gemini抽出データ!$A$1,P29,0) -> 0 | S29: =P29+1 -> 47 | T29: =OFFSET(Gemini抽出データ!$A$1,S29,0) -> 0 | V29: =S29+1 -> 48 | W29: =OFFSET(Gemini抽出データ!$A$1,V29,0) -> 0 | Y29: =AH22+1 -> 73 | Z29: =OFFSET(Gemini抽出データ!$A$1,Y29,0) -> 0 | AB29: =Y29+1 -> 74 | AC29: =OFFSET(Gemini抽出データ!$A$1,AB29,0) -> 0 | AE29: =AB29+1 -> 75 | AF29: =OFFSET(Gemini抽出データ!$A$1,AE29,0) -> 0 | AH29: =AE29+1 -> 76 | AI29: =OFFSET(Gemini抽出データ!$A$1,AH29,0) -> 0 | AK29: =AT22+1 -> 101 | AL29: =OFFSET(Gemini抽出データ!$A$1,AK29,0) -> 0 | AN29: =AK29+1 -> 102 | AO29: =OFFSET(Gemini抽出データ!$A$1,AN29,0) -> 0 | AQ29: =AN29+1 -> 103 | AR29: =OFFSET(Gemini抽出データ!$A$1,AQ29,0) -> 0 | AT29: =AQ29+1 -> 104 | AU29: =OFFSET(Gemini抽出データ!$A$1,AT29,0) -> 0 | AW29: =BF22+1 -> 129 | AX29: =OFFSET(Gemini抽出データ!$A$1,AW29,0) -> 0 | AZ29: =AW29+1 -> 130 | BA29: =OFFSET(Gemini抽出データ!$A$1,AZ29,0) -> 0 | BC29: =AZ29+1 -> 131 | BD29: =OFFSET(Gemini抽出データ!$A$1,BC29,0) -> 0 | BF29: =BC29+1 -> 132 | BG29: =OFFSET(Gemini抽出データ!$A$1,BF29,0) -> 0 | BI29: =BR22+1 -> 157 | BJ29: =OFFSET(Gemini抽出データ!$A$1,BI29,0) -> 0 | BL29: =BI29+1 -> 158 | BM29: =OFFSET(Gemini抽出データ!$A$1,BL29,0) -> 0 | BO29: =BL29+1 -> 159 | BP29: =OFFSET(Gemini抽出データ!$A$1,BO29,0) -> 0 | BR29: =BO29+1 -> 160 | BS29: =OFFSET(Gemini抽出データ!$A$1,BR29,0) -> 0 | BU29: =CD22+1 -> 185 | BV29: =OFFSET(Gemini抽出データ!$A$1,BU29,0) -> 0 | BX29: =BU29+1 -> 186 | BY29: =OFFSET(Gemini抽出データ!$A$1,BX29,0) -> 0 | CA29: =BX29+1 -> 187 | CB29: =OFFSET(Gemini抽出データ!$A$1,CA29,0) -> 0 | CD29: =CA29+1 -> 188 | CE29: =OFFSET(Gemini抽出データ!$A$1,CD29,0) -> 0 | CG29: =CP22+1 -> 213 | CH29: =OFFSET(Gemini抽出データ!$A$1,CG29,0) -> 0 | CJ29: =CG29+1 -> 214 | CK29: =OFFSET(Gemini抽出データ!$A$1,CJ29,0) -> 0 | CM29: =CJ29+1 -> 215 | CN29: =OFFSET(Gemini抽出データ!$A$1,CM29,0) -> 0 | CP29: =CM29+1 -> 216 | CQ29: =OFFSET(Gemini抽出データ!$A$1,CP29,0) -> 0 | CS29: =DB22+1 -> 241 | CT29: =OFFSET(Gemini抽出データ!$A$1,CS29,0) -> 0 | CV29: =CS29+1 -> 242 | CW29: =OFFSET(Gemini抽出データ!$A$1,CV29,0) -> 0 | CY29: =CV29+1 -> 243 | CZ29: =OFFSET(Gemini抽出データ!$A$1,CY29,0) -> 0 | DB29: =CY29+1 -> 244 | DC29: =OFFSET(Gemini抽出データ!$A$1,DB29,0) -> 0 | DE29: =DN22+1 -> 269 | DF29: =OFFSET(Gemini抽出データ!$A$1,DE29,0) -> 0 | DH29: =DE29+1 -> 270 | DI29: =OFFSET(Gemini抽出データ!$A$1,DH29,0) -> 0 | DK29: =DH29+1 -> 271 | DL29: =OFFSET(Gemini抽出データ!$A$1,DK29,0) -> 0 | DN29: =DK29+1 -> 272 | DO29: =OFFSET(Gemini抽出データ!$A$1,DN29,0) -> 0 | DQ29: =DZ22+1 -> 297 | DR29: =OFFSET(Gemini抽出データ!$A$1,DQ29,0) -> 0 | DT29: =DQ29+1 -> 298 | DU29: =OFFSET(Gemini抽出データ!$A$1,DT29,0) -> 0 | DW29: =DT29+1 -> 299 | DX29: =OFFSET(Gemini抽出データ!$A$1,DW29,0) -> 0 | DZ29: =DW29+1 -> 300 | EA29: =OFFSET(Gemini抽出データ!$A$1,DZ29,0) -> 0 | EC29: =EL22+1 -> 325 | ED29: =OFFSET(Gemini抽出データ!$A$1,EC29,0) -> 0 | EF29: =EC29+1 -> 326 | EG29: =OFFSET(Gemini抽出データ!$A$1,EF29,0) -> 0 | EI29: =EF29+1 -> 327 | EJ29: =OFFSET(Gemini抽出データ!$A$1,EI29,0) -> 0 | EL29: =EI29+1 -> 328 | EM29: =OFFSET(Gemini抽出データ!$A$1,EL29,0) -> 0 | EO29: =EX22+1 -> 353 | EP29: =OFFSET(Gemini抽出データ!$A$1,EO29,0) -> 0 | ER29: =EO29+1 -> 354 | ES29: =OFFSET(Gemini抽出データ!$A$1,ER29,0) -> 0 | EU29: =ER29+1 -> 355 | EV29: =OFFSET(Gemini抽出データ!$A$1,EU29,0) -> 0 | EX29: =EU29+1 -> 356 | EY29: =OFFSET(Gemini抽出データ!$A$1,EX29,0) -> 0 | FA29: =FJ22+1 -> 381 | FB29: =OFFSET(Gemini抽出データ!$A$1,FA29,0) -> 0 | FD29: =FA29+1 -> 382 | FE29: =OFFSET(Gemini抽出データ!$A$1,FD29,0) -> 0 | FG29: =FD29+1 -> 383 | FH29: =OFFSET(Gemini抽出データ!$A$1,FG29,0) -> 0 | FJ29: =FG29+1 -> 384 | FK29: =OFFSET(Gemini抽出データ!$A$1,FJ29,0) -> 0 | FM29: =FV22+1 -> 409 | FN29: =OFFSET(Gemini抽出データ!$A$1,FM29,0) -> 0 | FP29: =FM29+1 -> 410 | FQ29: =OFFSET(Gemini抽出データ!$A$1,FP29,0) -> 0 | FS29: =FP29+1 -> 411 | FT29: =OFFSET(Gemini抽出データ!$A$1,FS29,0) -> 0 | FV29: =FS29+1 -> 412 | FW29: =OFFSET(Gemini抽出データ!$A$1,FV29,0) -> 0 | FY29: =GH22+1 -> 437 | FZ29: =OFFSET(Gemini抽出データ!$A$1,FY29,0) -> 0 | GB29: =FY29+1 -> 438 | GC29: =OFFSET(Gemini抽出データ!$A$1,GB29,0) -> 0 | GE29: =GB29+1 -> 439 | GF29: =OFFSET(Gemini抽出データ!$A$1,GE29,0) -> 0 | GH29: =GE29+1 -> 440 | GI29: =OFFSET(Gemini抽出データ!$A$1,GH29,0) -> 0 | GK29: =GT22+1 -> 465 | GL29: =OFFSET(Gemini抽出データ!$A$1,GK29,0) -> 0 | GN29: =GK29+1 -> 466 | GO29: =OFFSET(Gemini抽出データ!$A$1,GN29,0) -> 0 | GQ29: =GN29+1 -> 467 | GR29: =OFFSET(Gemini抽出データ!$A$1,GQ29,0) -> 0 | GT29: =GQ29+1 -> 468 | GU29: =OFFSET(Gemini抽出データ!$A$1,GT29,0) -> 0 | GW29: =HF22+1 -> 493 | GX29: =OFFSET(Gemini抽出データ!$A$1,GW29,0) -> 0 | GZ29: =GW29+1 -> 494 | HA29: =OFFSET(Gemini抽出データ!$A$1,GZ29,0) -> 0 | HC29: =GZ29+1 -> 495 | HD29: =OFFSET(Gemini抽出データ!$A$1,HC29,0) -> 0 | HF29: =HC29+1 -> 496 | HG29: =OFFSET(Gemini抽出データ!$A$1,HF29,0) -> 0 | HI29: =HR22+1 -> 521 | HJ29: =OFFSET(Gemini抽出データ!$A$1,HI29,0) -> 0 | HL29: =HI29+1 -> 522 | HM29: =OFFSET(Gemini抽出データ!$A$1,HL29,0) -> 0 | HO29: =HL29+1 -> 523 | HP29: =OFFSET(Gemini抽出データ!$A$1,HO29,0) -> 0 | HR29: =HO29+1 -> 524 | HS29: =OFFSET(Gemini抽出データ!$A$1,HR29,0) -> 0 | HU29: =OFFSET(Gemini抽出データ!$A$1,#REF!,0) -> #REF!
A30: ="クライアント名"&A$1 -> クライアント名1 | B30: =OFFSET(Gemini抽出データ!$A$1,A29,2) -> 0 | D30: ="クライアント名"&D$1 -> クライアント名2 | E30: =OFFSET(Gemini抽出データ!$A$1,D29,2) -> 0 | G30: ="クライアント名"&G$1 -> クライアント名3 | H30: =OFFSET(Gemini抽出データ!$A$1,G29,2) -> 0 | J30: ="クライアント名"&J$1 -> クライアント名4 | K30: =OFFSET(Gemini抽出データ!$A$1,J29,2) -> 0 | M30: ="クライアント名"&M$1 -> クライアント名29 | N30: =OFFSET(Gemini抽出データ!$A$1,M29,2) -> 0 | P30: ="クライアント名"&P$1 -> クライアント名30 | Q30: =OFFSET(Gemini抽出データ!$A$1,P29,2) -> 0 | S30: ="クライアント名"&S$1 -> クライアント名31 | T30: =OFFSET(Gemini抽出データ!$A$1,S29,2) -> 0 | V30: ="クライアント名"&V$1 -> クライアント名32 | W30: =OFFSET(Gemini抽出データ!$A$1,V29,2) -> 0 | Y30: ="クライアント名"&Y$1 -> クライアント名57 | Z30: =OFFSET(Gemini抽出データ!$A$1,Y29,2) -> 0 | AB30: ="クライアント名"&AB$1 -> クライアント名58 | AC30: =OFFSET(Gemini抽出データ!$A$1,AB29,2) -> 0 | AE30: ="クライアント名"&AE$1 -> クライアント名59 | AF30: =OFFSET(Gemini抽出データ!$A$1,AE29,2) -> 0 | AH30: ="クライアント名"&AH$1 -> クライアント名60 | AI30: =OFFSET(Gemini抽出データ!$A$1,AH29,2) -> 0 | AK30: ="クライアント名"&AK$1 -> クライアント名85 | AL30: =OFFSET(Gemini抽出データ!$A$1,AK29,2) -> 0 | AN30: ="クライアント名"&AN$1 -> クライアント名86 | AO30: =OFFSET(Gemini抽出データ!$A$1,AN29,2) -> 0 | AQ30: ="クライアント名"&AQ$1 -> クライアント名87 | AR30: =OFFSET(Gemini抽出データ!$A$1,AQ29,2) -> 0 | AT30: ="クライアント名"&AT$1 -> クライアント名88 | AU30: =OFFSET(Gemini抽出データ!$A$1,AT29,2) -> 0 | AW30: ="クライアント名"&AW$1 -> クライアント名113 | AX30: =OFFSET(Gemini抽出データ!$A$1,AW29,2) -> 0 | AZ30: ="クライアント名"&AZ$1 -> クライアント名114 | BA30: =OFFSET(Gemini抽出データ!$A$1,AZ29,2) -> 0 | BC30: ="クライアント名"&BC$1 -> クライアント名115 | BD30: =OFFSET(Gemini抽出データ!$A$1,BC29,2) -> 0 | BF30: ="クライアント名"&BF$1 -> クライアント名116 | BG30: =OFFSET(Gemini抽出データ!$A$1,BF29,2) -> 0 | BI30: ="クライアント名"&BI$1 -> クライアント名141 | BJ30: =OFFSET(Gemini抽出データ!$A$1,BI29,2) -> 0 | BL30: ="クライアント名"&BL$1 -> クライアント名142 | BM30: =OFFSET(Gemini抽出データ!$A$1,BL29,2) -> 0 | BO30: ="クライアント名"&BO$1 -> クライアント名143 | BP30: =OFFSET(Gemini抽出データ!$A$1,BO29,2) -> 0 | BR30: ="クライアント名"&BR$1 -> クライアント名144 | BS30: =OFFSET(Gemini抽出データ!$A$1,BR29,2) -> 0 | BU30: ="クライアント名"&BU$1 -> クライアント名169 | BV30: =OFFSET(Gemini抽出データ!$A$1,BU29,2) -> 0 | BX30: ="クライアント名"&BX$1 -> クライアント名170 | BY30: =OFFSET(Gemini抽出データ!$A$1,BX29,2) -> 0 | CA30: ="クライアント名"&CA$1 -> クライアント名171 | CB30: =OFFSET(Gemini抽出データ!$A$1,CA29,2) -> 0 | CD30: ="クライアント名"&CD$1 -> クライアント名172 | CE30: =OFFSET(Gemini抽出データ!$A$1,CD29,2) -> 0 | CG30: ="クライアント名"&CG$1 -> クライアント名197 | CH30: =OFFSET(Gemini抽出データ!$A$1,CG29,2) -> 0 | CJ30: ="クライアント名"&CJ$1 -> クライアント名198 | CK30: =OFFSET(Gemini抽出データ!$A$1,CJ29,2) -> 0 | CM30: ="クライアント名"&CM$1 -> クライアント名199 | CN30: =OFFSET(Gemini抽出データ!$A$1,CM29,2) -> 0 | CP30: ="クライアント名"&CP$1 -> クライアント名200 | CQ30: =OFFSET(Gemini抽出データ!$A$1,CP29,2) -> 0 | CS30: ="クライアント名"&CS$1 -> クライアント名225 | CT30: =OFFSET(Gemini抽出データ!$A$1,CS29,2) -> 0 | CV30: ="クライアント名"&CV$1 -> クライアント名226 | CW30: =OFFSET(Gemini抽出データ!$A$1,CV29,2) -> 0 | CY30: ="クライアント名"&CY$1 -> クライアント名227 | CZ30: =OFFSET(Gemini抽出データ!$A$1,CY29,2) -> 0 | DB30: ="クライアント名"&DB$1 -> クライアント名228 | DC30: =OFFSET(Gemini抽出データ!$A$1,DB29,2) -> 0 | DE30: ="クライアント名"&DE$1 -> クライアント名253 | DF30: =OFFSET(Gemini抽出データ!$A$1,DE29,2) -> 0 | DH30: ="クライアント名"&DH$1 -> クライアント名254 | DI30: =OFFSET(Gemini抽出データ!$A$1,DH29,2) -> 0 | DK30: ="クライアント名"&DK$1 -> クライアント名255 | DL30: =OFFSET(Gemini抽出データ!$A$1,DK29,2) -> 0 | DN30: ="クライアント名"&DN$1 -> クライアント名256 | DO30: =OFFSET(Gemini抽出データ!$A$1,DN29,2) -> 0 | DQ30: ="クライアント名"&DQ$1 -> クライアント名281 | DR30: =OFFSET(Gemini抽出データ!$A$1,DQ29,2) -> 0 | DT30: ="クライアント名"&DT$1 -> クライアント名282 | DU30: =OFFSET(Gemini抽出データ!$A$1,DT29,2) -> 0 | DW30: ="クライアント名"&DW$1 -> クライアント名283 | DX30: =OFFSET(Gemini抽出データ!$A$1,DW29,2) -> 0 | DZ30: ="クライアント名"&DZ$1 -> クライアント名284 | EA30: =OFFSET(Gemini抽出データ!$A$1,DZ29,2) -> 0 | EC30: ="クライアント名"&EC$1 -> クライアント名309 | ED30: =OFFSET(Gemini抽出データ!$A$1,EC29,2) -> 0 | EF30: ="クライアント名"&EF$1 -> クライアント名310 | EG30: =OFFSET(Gemini抽出データ!$A$1,EF29,2) -> 0 | EI30: ="クライアント名"&EI$1 -> クライアント名311 | EJ30: =OFFSET(Gemini抽出データ!$A$1,EI29,2) -> 0 | EL30: ="クライアント名"&EL$1 -> クライアント名312 | EM30: =OFFSET(Gemini抽出データ!$A$1,EL29,2) -> 0 | EO30: ="クライアント名"&EO$1 -> クライアント名337 | EP30: =OFFSET(Gemini抽出データ!$A$1,EO29,2) -> 0 | ER30: ="クライアント名"&ER$1 -> クライアント名338 | ES30: =OFFSET(Gemini抽出データ!$A$1,ER29,2) -> 0 | EU30: ="クライアント名"&EU$1 -> クライアント名339 | EV30: =OFFSET(Gemini抽出データ!$A$1,EU29,2) -> 0 | EX30: ="クライアント名"&EX$1 -> クライアント名340 | EY30: =OFFSET(Gemini抽出データ!$A$1,EX29,2) -> 0 | FA30: ="クライアント名"&FA$1 -> クライアント名365 | FB30: =OFFSET(Gemini抽出データ!$A$1,FA29,2) -> 0 | FD30: ="クライアント名"&FD$1 -> クライアント名366 | FE30: =OFFSET(Gemini抽出データ!$A$1,FD29,2) -> 0 | FG30: ="クライアント名"&FG$1 -> クライアント名367 | FH30: =OFFSET(Gemini抽出データ!$A$1,FG29,2) -> 0 | FJ30: ="クライアント名"&FJ$1 -> クライアント名368 | FK30: =OFFSET(Gemini抽出データ!$A$1,FJ29,2) -> 0 | FM30: ="クライアント名"&FM$1 -> クライアント名393 | FN30: =OFFSET(Gemini抽出データ!$A$1,FM29,2) -> 0 | FP30: ="クライアント名"&FP$1 -> クライアント名394 | FQ30: =OFFSET(Gemini抽出データ!$A$1,FP29,2) -> 0 | FS30: ="クライアント名"&FS$1 -> クライアント名395 | FT30: =OFFSET(Gemini抽出データ!$A$1,FS29,2) -> 0 | FV30: ="クライアント名"&FV$1 -> クライアント名396 | FW30: =OFFSET(Gemini抽出データ!$A$1,FV29,2) -> 0 | FY30: ="クライアント名"&FY$1 -> クライアント名421 | FZ30: =OFFSET(Gemini抽出データ!$A$1,FY29,2) -> 0 | GB30: ="クライアント名"&GB$1 -> クライアント名422 | GC30: =OFFSET(Gemini抽出データ!$A$1,GB29,2) -> 0 | GE30: ="クライアント名"&GE$1 -> クライアント名423 | GF30: =OFFSET(Gemini抽出データ!$A$1,GE29,2) -> 0 | GH30: ="クライアント名"&GH$1 -> クライアント名424 | GI30: =OFFSET(Gemini抽出データ!$A$1,GH29,2) -> 0 | GK30: ="クライアント名"&GK$1 -> クライアント名449 | GL30: =OFFSET(Gemini抽出データ!$A$1,GK29,2) -> 0 | GN30: ="クライアント名"&GN$1 -> クライアント名450 | GO30: =OFFSET(Gemini抽出データ!$A$1,GN29,2) -> 0 | GQ30: ="クライアント名"&GQ$1 -> クライアント名451 | GR30: =OFFSET(Gemini抽出データ!$A$1,GQ29,2) -> 0 | GT30: ="クライアント名"&GT$1 -> クライアント名452 | GU30: =OFFSET(Gemini抽出データ!$A$1,GT29,2) -> 0 | GW30: ="クライアント名"&GW$1 -> クライアント名477 | GX30: =OFFSET(Gemini抽出データ!$A$1,GW29,2) -> 0 | GZ30: ="クライアント名"&GZ$1 -> クライアント名478 | HA30: =OFFSET(Gemini抽出データ!$A$1,GZ29,2) -> 0 | HC30: ="クライアント名"&HC$1 -> クライアント名479 | HD30: =OFFSET(Gemini抽出データ!$A$1,HC29,2) -> 0 | HF30: ="クライアント名"&HF$1 -> クライアント名480 | HG30: =OFFSET(Gemini抽出データ!$A$1,HF29,2) -> 0 | HI30: ="クライアント名"&HI$1 -> クライアント名505 | HJ30: =OFFSET(Gemini抽出データ!$A$1,HI29,2) -> 0 | HL30: ="クライアント名"&HL$1 -> クライアント名506 | HM30: =OFFSET(Gemini抽出データ!$A$1,HL29,2) -> 0 | HO30: ="クライアント名"&HO$1 -> クライアント名507 | HP30: =OFFSET(Gemini抽出データ!$A$1,HO29,2) -> 0 | HR30: ="クライアント名"&HR$1 -> クライアント名508 | HS30: =OFFSET(Gemini抽出データ!$A$1,HR29,2) -> 0 | HU30: =OFFSET(Gemini抽出データ!$A$1,#REF!,2) -> #REF!
A31: ="種類"&A$1 -> 種類1 | B31: =IF(OFFSET(Gemini抽出データ!$A$1,A29,1)=0,"",OFFSET(Gemini抽出データ!$A$1,A29,1)) | D31: ="学年"&D$1 -> 学年2 | E31: =IF(OFFSET(Gemini抽出データ!$A$1,D29,1)=0,"",OFFSET(Gemini抽出データ!$A$1,D29,1)) | G31: ="学年"&G$1 -> 学年3 | H31: =IF(OFFSET(Gemini抽出データ!$A$1,G29,1)=0,"",OFFSET(Gemini抽出データ!$A$1,G29,1)) | J31: ="学年"&J$1 -> 学年4 | K31: =IF(OFFSET(Gemini抽出データ!$A$1,J29,1)=0,"",OFFSET(Gemini抽出データ!$A$1,J29,1)) | M31: ="種類"&M$1 -> 種類29 | N31: =IF(OFFSET(Gemini抽出データ!$A$1,M29,1)=0,"",OFFSET(Gemini抽出データ!$A$1,M29,1)) | P31: ="学年"&P$1 -> 学年30 | Q31: =IF(OFFSET(Gemini抽出データ!$A$1,P29,1)=0,"",OFFSET(Gemini抽出データ!$A$1,P29,1)) | S31: ="学年"&S$1 -> 学年31 | T31: =IF(OFFSET(Gemini抽出データ!$A$1,S29,1)=0,"",OFFSET(Gemini抽出データ!$A$1,S29,1)) | V31: ="学年"&V$1 -> 学年32 | W31: =IF(OFFSET(Gemini抽出データ!$A$1,V29,1)=0,"",OFFSET(Gemini抽出データ!$A$1,V29,1)) | Y31: ="種類"&Y$1 -> 種類57 | Z31: =IF(OFFSET(Gemini抽出データ!$A$1,Y29,1)=0,"",OFFSET(Gemini抽出データ!$A$1,Y29,1)) | AB31: ="学年"&AB$1 -> 学年58 | AC31: =IF(OFFSET(Gemini抽出データ!$A$1,AB29,1)=0,"",OFFSET(Gemini抽出データ!$A$1,AB29,1)) | AE31: ="学年"&AE$1 -> 学年59 | AF31: =IF(OFFSET(Gemini抽出データ!$A$1,AE29,1)=0,"",OFFSET(Gemini抽出データ!$A$1,AE29,1)) | AH31: ="学年"&AH$1 -> 学年60 | AI31: =IF(OFFSET(Gemini抽出データ!$A$1,AH29,1)=0,"",OFFSET(Gemini抽出データ!$A$1,AH29,1)) | AK31: ="種類"&AK$1 -> 種類85 | AL31: =IF(OFFSET(Gemini抽出データ!$A$1,AK29,1)=0,"",OFFSET(Gemini抽出データ!$A$1,AK29,1)) | AN31: ="学年"&AN$1 -> 学年86 | AO31: =IF(OFFSET(Gemini抽出データ!$A$1,AN29,1)=0,"",OFFSET(Gemini抽出データ!$A$1,AN29,1)) | AQ31: ="学年"&AQ$1 -> 学年87 | AR31: =IF(OFFSET(Gemini抽出データ!$A$1,AQ29,1)=0,"",OFFSET(Gemini抽出データ!$A$1,AQ29,1)) | AT31: ="学年"&AT$1 -> 学年88 | AU31: =IF(OFFSET(Gemini抽出データ!$A$1,AT29,1)=0,"",OFFSET(Gemini抽出データ!$A$1,AT29,1)) | AW31: ="種類"&AW$1 -> 種類113 | AX31: =IF(OFFSET(Gemini抽出データ!$A$1,AW29,1)=0,"",OFFSET(Gemini抽出データ!$A$1,AW29,1)) | AZ31: ="学年"&AZ$1 -> 学年114 | BA31: =IF(OFFSET(Gemini抽出データ!$A$1,AZ29,1)=0,"",OFFSET(Gemini抽出データ!$A$1,AZ29,1)) | BC31: ="学年"&BC$1 -> 学年115 | BD31: =IF(OFFSET(Gemini抽出データ!$A$1,BC29,1)=0,"",OFFSET(Gemini抽出データ!$A$1,BC29,1)) | BF31: ="学年"&BF$1 -> 学年116 | BG31: =IF(OFFSET(Gemini抽出データ!$A$1,BF29,1)=0,"",OFFSET(Gemini抽出データ!$A$1,BF29,1)) | BI31: ="種類"&BI$1 -> 種類141 | BJ31: =IF(OFFSET(Gemini抽出データ!$A$1,BI29,1)=0,"",OFFSET(Gemini抽出データ!$A$1,BI29,1)) | BL31: ="学年"&BL$1 -> 学年142 | BM31: =IF(OFFSET(Gemini抽出データ!$A$1,BL29,1)=0,"",OFFSET(Gemini抽出データ!$A$1,BL29,1)) | BO31: ="学年"&BO$1 -> 学年143 | BP31: =IF(OFFSET(Gemini抽出データ!$A$1,BO29,1)=0,"",OFFSET(Gemini抽出データ!$A$1,BO29,1)) | BR31: ="学年"&BR$1 -> 学年144 | BS31: =IF(OFFSET(Gemini抽出データ!$A$1,BR29,1)=0,"",OFFSET(Gemini抽出データ!$A$1,BR29,1)) | BU31: ="種類"&BU$1 -> 種類169 | BV31: =IF(OFFSET(Gemini抽出データ!$A$1,BU29,1)=0,"",OFFSET(Gemini抽出データ!$A$1,BU29,1)) | BX31: ="学年"&BX$1 -> 学年170 | BY31: =IF(OFFSET(Gemini抽出データ!$A$1,BX29,1)=0,"",OFFSET(Gemini抽出データ!$A$1,BX29,1)) | CA31: ="学年"&CA$1 -> 学年171 | CB31: =IF(OFFSET(Gemini抽出データ!$A$1,CA29,1)=0,"",OFFSET(Gemini抽出データ!$A$1,CA29,1)) | CD31: ="学年"&CD$1 -> 学年172 | CE31: =IF(OFFSET(Gemini抽出データ!$A$1,CD29,1)=0,"",OFFSET(Gemini抽出データ!$A$1,CD29,1)) | CG31: ="種類"&CG$1 -> 種類197 | CH31: =IF(OFFSET(Gemini抽出データ!$A$1,CG29,1)=0,"",OFFSET(Gemini抽出データ!$A$1,CG29,1)) | CJ31: ="学年"&CJ$1 -> 学年198 | CK31: =IF(OFFSET(Gemini抽出データ!$A$1,CJ29,1)=0,"",OFFSET(Gemini抽出データ!$A$1,CJ29,1)) | CM31: ="学年"&CM$1 -> 学年199 | CN31: =IF(OFFSET(Gemini抽出データ!$A$1,CM29,1)=0,"",OFFSET(Gemini抽出データ!$A$1,CM29,1)) | CP31: ="学年"&CP$1 -> 学年200 | CQ31: =IF(OFFSET(Gemini抽出データ!$A$1,CP29,1)=0,"",OFFSET(Gemini抽出データ!$A$1,CP29,1)) | CS31: ="種類"&CS$1 -> 種類225 | CT31: =IF(OFFSET(Gemini抽出データ!$A$1,CS29,1)=0,"",OFFSET(Gemini抽出データ!$A$1,CS29,1)) | CV31: ="学年"&CV$1 -> 学年226 | CW31: =IF(OFFSET(Gemini抽出データ!$A$1,CV29,1)=0,"",OFFSET(Gemini抽出データ!$A$1,CV29,1)) | CY31: ="学年"&CY$1 -> 学年227 | CZ31: =IF(OFFSET(Gemini抽出データ!$A$1,CY29,1)=0,"",OFFSET(Gemini抽出データ!$A$1,CY29,1)) | DB31: ="学年"&DB$1 -> 学年228 | DC31: =IF(OFFSET(Gemini抽出データ!$A$1,DB29,1)=0,"",OFFSET(Gemini抽出データ!$A$1,DB29,1)) | DE31: ="種類"&DE$1 -> 種類253 | DF31: =IF(OFFSET(Gemini抽出データ!$A$1,DE29,1)=0,"",OFFSET(Gemini抽出データ!$A$1,DE29,1)) | DH31: ="学年"&DH$1 -> 学年254 | DI31: =IF(OFFSET(Gemini抽出データ!$A$1,DH29,1)=0,"",OFFSET(Gemini抽出データ!$A$1,DH29,1)) | DK31: ="学年"&DK$1 -> 学年255 | DL31: =IF(OFFSET(Gemini抽出データ!$A$1,DK29,1)=0,"",OFFSET(Gemini抽出データ!$A$1,DK29,1)) | DN31: ="学年"&DN$1 -> 学年256 | DO31: =IF(OFFSET(Gemini抽出データ!$A$1,DN29,1)=0,"",OFFSET(Gemini抽出データ!$A$1,DN29,1)) | DQ31: ="種類"&DQ$1 -> 種類281 | DR31: =IF(OFFSET(Gemini抽出データ!$A$1,DQ29,1)=0,"",OFFSET(Gemini抽出データ!$A$1,DQ29,1)) | DT31: ="学年"&DT$1 -> 学年282 | DU31: =IF(OFFSET(Gemini抽出データ!$A$1,DT29,1)=0,"",OFFSET(Gemini抽出データ!$A$1,DT29,1)) | DW31: ="学年"&DW$1 -> 学年283 | DX31: =IF(OFFSET(Gemini抽出データ!$A$1,DW29,1)=0,"",OFFSET(Gemini抽出データ!$A$1,DW29,1)) | DZ31: ="学年"&DZ$1 -> 学年284 | EA31: =IF(OFFSET(Gemini抽出データ!$A$1,DZ29,1)=0,"",OFFSET(Gemini抽出データ!$A$1,DZ29,1)) | EC31: ="種類"&EC$1 -> 種類309 | ED31: =IF(OFFSET(Gemini抽出データ!$A$1,EC29,1)=0,"",OFFSET(Gemini抽出データ!$A$1,EC29,1)) | EF31: ="学年"&EF$1 -> 学年310 | EG31: =IF(OFFSET(Gemini抽出データ!$A$1,EF29,1)=0,"",OFFSET(Gemini抽出データ!$A$1,EF29,1)) | EI31: ="学年"&EI$1 -> 学年311 | EJ31: =IF(OFFSET(Gemini抽出データ!$A$1,EI29,1)=0,"",OFFSET(Gemini抽出データ!$A$1,EI29,1)) | EL31: ="学年"&EL$1 -> 学年312 | EM31: =IF(OFFSET(Gemini抽出データ!$A$1,EL29,1)=0,"",OFFSET(Gemini抽出データ!$A$1,EL29,1)) | EO31: ="種類"&EO$1 -> 種類337 | EP31: =IF(OFFSET(Gemini抽出データ!$A$1,EO29,1)=0,"",OFFSET(Gemini抽出データ!$A$1,EO29,1)) | ER31: ="学年"&ER$1 -> 学年338 | ES31: =IF(OFFSET(Gemini抽出データ!$A$1,ER29,1)=0,"",OFFSET(Gemini抽出データ!$A$1,ER29,1)) | EU31: ="学年"&EU$1 -> 学年339 | EV31: =IF(OFFSET(Gemini抽出データ!$A$1,EU29,1)=0,"",OFFSET(Gemini抽出データ!$A$1,EU29,1)) | EX31: ="学年"&EX$1 -> 学年340 | EY31: =IF(OFFSET(Gemini抽出データ!$A$1,EX29,1)=0,"",OFFSET(Gemini抽出データ!$A$1,EX29,1)) | FA31: ="種類"&FA$1 -> 種類365 | FB31: =IF(OFFSET(Gemini抽出データ!$A$1,FA29,1)=0,"",OFFSET(Gemini抽出データ!$A$1,FA29,1)) | FD31: ="学年"&FD$1 -> 学年366 | FE31: =IF(OFFSET(Gemini抽出データ!$A$1,FD29,1)=0,"",OFFSET(Gemini抽出データ!$A$1,FD29,1)) | FG31: ="学年"&FG$1 -> 学年367 | FH31: =IF(OFFSET(Gemini抽出データ!$A$1,FG29,1)=0,"",OFFSET(Gemini抽出データ!$A$1,FG29,1)) | FJ31: ="学年"&FJ$1 -> 学年368 | FK31: =IF(OFFSET(Gemini抽出データ!$A$1,FJ29,1)=0,"",OFFSET(Gemini抽出データ!$A$1,FJ29,1)) | FM31: ="種類"&FM$1 -> 種類393 | FN31: =IF(OFFSET(Gemini抽出データ!$A$1,FM29,1)=0,"",OFFSET(Gemini抽出データ!$A$1,FM29,1)) | FP31: ="学年"&FP$1 -> 学年394 | FQ31: =IF(OFFSET(Gemini抽出データ!$A$1,FP29,1)=0,"",OFFSET(Gemini抽出データ!$A$1,FP29,1)) | FS31: ="学年"&FS$1 -> 学年395 | FT31: =IF(OFFSET(Gemini抽出データ!$A$1,FS29,1)=0,"",OFFSET(Gemini抽出データ!$A$1,FS29,1)) | FV31: ="学年"&FV$1 -> 学年396 | FW31: =IF(OFFSET(Gemini抽出データ!$A$1,FV29,1)=0,"",OFFSET(Gemini抽出データ!$A$1,FV29,1)) | FY31: ="種類"&FY$1 -> 種類421 | FZ31: =IF(OFFSET(Gemini抽出データ!$A$1,FY29,1)=0,"",OFFSET(Gemini抽出データ!$A$1,FY29,1)) | GB31: ="学年"&GB$1 -> 学年422 | GC31: =IF(OFFSET(Gemini抽出データ!$A$1,GB29,1)=0,"",OFFSET(Gemini抽出データ!$A$1,GB29,1)) | GE31: ="学年"&GE$1 -> 学年423 | GF31: =IF(OFFSET(Gemini抽出データ!$A$1,GE29,1)=0,"",OFFSET(Gemini抽出データ!$A$1,GE29,1)) | GH31: ="学年"&GH$1 -> 学年424 | GI31: =IF(OFFSET(Gemini抽出データ!$A$1,GH29,1)=0,"",OFFSET(Gemini抽出データ!$A$1,GH29,1)) | GK31: ="種類"&GK$1 -> 種類449 | GL31: =IF(OFFSET(Gemini抽出データ!$A$1,GK29,1)=0,"",OFFSET(Gemini抽出データ!$A$1,GK29,1)) | GN31: ="学年"&GN$1 -> 学年450 | GO31: =IF(OFFSET(Gemini抽出データ!$A$1,GN29,1)=0,"",OFFSET(Gemini抽出データ!$A$1,GN29,1)) | GQ31: ="学年"&GQ$1 -> 学年451 | GR31: =IF(OFFSET(Gemini抽出データ!$A$1,GQ29,1)=0,"",OFFSET(Gemini抽出データ!$A$1,GQ29,1)) | GT31: ="学年"&GT$1 -> 学年452 | GU31: =IF(OFFSET(Gemini抽出データ!$A$1,GT29,1)=0,"",OFFSET(Gemini抽出データ!$A$1,GT29,1)) | GW31: ="種類"&GW$1 -> 種類477 | GX31: =IF(OFFSET(Gemini抽出データ!$A$1,GW29,1)=0,"",OFFSET(Gemini抽出データ!$A$1,GW29,1)) | GZ31: ="学年"&GZ$1 -> 学年478 | HA31: =IF(OFFSET(Gemini抽出データ!$A$1,GZ29,1)=0,"",OFFSET(Gemini抽出データ!$A$1,GZ29,1)) | HC31: ="学年"&HC$1 -> 学年479 | HD31: =IF(OFFSET(Gemini抽出データ!$A$1,HC29,1)=0,"",OFFSET(Gemini抽出データ!$A$1,HC29,1)) | HF31: ="学年"&HF$1 -> 学年480 | HG31: =IF(OFFSET(Gemini抽出データ!$A$1,HF29,1)=0,"",OFFSET(Gemini抽出データ!$A$1,HF29,1)) | HI31: ="種類"&HI$1 -> 種類505 | HJ31: =IF(OFFSET(Gemini抽出データ!$A$1,HI29,1)=0,"",OFFSET(Gemini抽出データ!$A$1,HI29,1)) | HL31: ="学年"&HL$1 -> 学年506 | HM31: =IF(OFFSET(Gemini抽出データ!$A$1,HL29,1)=0,"",OFFSET(Gemini抽出データ!$A$1,HL29,1)) | HO31: ="学年"&HO$1 -> 学年507 | HP31: =IF(OFFSET(Gemini抽出データ!$A$1,HO29,1)=0,"",OFFSET(Gemini抽出データ!$A$1,HO29,1)) | HR31: ="学年"&HR$1 -> 学年508 | HS31: =IF(OFFSET(Gemini抽出データ!$A$1,HR29,1)=0,"",OFFSET(Gemini抽出データ!$A$1,HR29,1)) | HU31: =IF(OFFSET(Gemini抽出データ!$A$1,#REF!,1)=0,"",OFFSET(Gemini抽出データ!$A$1,#REF!,1)) -> #REF!
A32: ="学年"&A$1 -> 学年1 | M32: ="学年"&M$1 -> 学年29 | Y32: ="学年"&Y$1 -> 学年57 | AK32: ="学年"&AK$1 -> 学年85 | AW32: ="学年"&AW$1 -> 学年113 | BI32: ="学年"&BI$1 -> 学年141 | BU32: ="学年"&BU$1 -> 学年169 | CG32: ="学年"&CG$1 -> 学年197 | CS32: ="学年"&CS$1 -> 学年225 | DE32: ="学年"&DE$1 -> 学年253 | DQ32: ="学年"&DQ$1 -> 学年281 | EC32: ="学年"&EC$1 -> 学年309 | EO32: ="学年"&EO$1 -> 学年337 | FA32: ="学年"&FA$1 -> 学年365 | FM32: ="学年"&FM$1 -> 学年393 | FY32: ="学年"&FY$1 -> 学年421 | GK32: ="学年"&GK$1 -> 学年449 | GW32: ="学年"&GW$1 -> 学年477 | HI32: ="学年"&HI$1 -> 学年505
B33: =OFFSET(Gemini抽出データ!$A$1,A29,3) -> 0 | E33: =OFFSET(Gemini抽出データ!$A$1,D29,3) -> 0 | H33: =OFFSET(Gemini抽出データ!$A$1,G29,3) -> 0 | K33: =OFFSET(Gemini抽出データ!$A$1,J29,3) -> 0 | N33: =OFFSET(Gemini抽出データ!$A$1,M29,3) -> 0 | Q33: =OFFSET(Gemini抽出データ!$A$1,P29,3) -> 0 | T33: =OFFSET(Gemini抽出データ!$A$1,S29,3) -> 0 | W33: =OFFSET(Gemini抽出データ!$A$1,V29,3) -> 0 | Z33: =OFFSET(Gemini抽出データ!$A$1,Y29,3) -> 0 | AC33: =OFFSET(Gemini抽出データ!$A$1,AB29,3) -> 0 | AF33: =OFFSET(Gemini抽出データ!$A$1,AE29,3) -> 0 | AI33: =OFFSET(Gemini抽出データ!$A$1,AH29,3) -> 0 | AL33: =OFFSET(Gemini抽出データ!$A$1,AK29,3) -> 0 | AO33: =OFFSET(Gemini抽出データ!$A$1,AN29,3) -> 0 | AR33: =OFFSET(Gemini抽出データ!$A$1,AQ29,3) -> 0 | AU33: =OFFSET(Gemini抽出データ!$A$1,AT29,3) -> 0 | AX33: =OFFSET(Gemini抽出データ!$A$1,AW29,3) -> 0 | BA33: =OFFSET(Gemini抽出データ!$A$1,AZ29,3) -> 0 | BD33: =OFFSET(Gemini抽出データ!$A$1,BC29,3) -> 0 | BG33: =OFFSET(Gemini抽出データ!$A$1,BF29,3) -> 0 | BJ33: =OFFSET(Gemini抽出データ!$A$1,BI29,3) -> 0 | BM33: =OFFSET(Gemini抽出データ!$A$1,BL29,3) -> 0 | BP33: =OFFSET(Gemini抽出データ!$A$1,BO29,3) -> 0 | BS33: =OFFSET(Gemini抽出データ!$A$1,BR29,3) -> 0 | BV33: =OFFSET(Gemini抽出データ!$A$1,BU29,3) -> 0 | BY33: =OFFSET(Gemini抽出データ!$A$1,BX29,3) -> 0 | CB33: =OFFSET(Gemini抽出データ!$A$1,CA29,3) -> 0 | CE33: =OFFSET(Gemini抽出データ!$A$1,CD29,3) -> 0 | CH33: =OFFSET(Gemini抽出データ!$A$1,CG29,3) -> 0 | CK33: =OFFSET(Gemini抽出データ!$A$1,CJ29,3) -> 0 | CN33: =OFFSET(Gemini抽出データ!$A$1,CM29,3) -> 0 | CQ33: =OFFSET(Gemini抽出データ!$A$1,CP29,3) -> 0 | CT33: =OFFSET(Gemini抽出データ!$A$1,CS29,3) -> 0 | CW33: =OFFSET(Gemini抽出データ!$A$1,CV29,3) -> 0 | CZ33: =OFFSET(Gemini抽出データ!$A$1,CY29,3) -> 0 | DC33: =OFFSET(Gemini抽出データ!$A$1,DB29,3) -> 0 | DF33: =OFFSET(Gemini抽出データ!$A$1,DE29,3) -> 0 | DI33: =OFFSET(Gemini抽出データ!$A$1,DH29,3) -> 0 | DL33: =OFFSET(Gemini抽出データ!$A$1,DK29,3) -> 0 | DO33: =OFFSET(Gemini抽出データ!$A$1,DN29,3) -> 0 | DR33: =OFFSET(Gemini抽出データ!$A$1,DQ29,3) -> 0 | DU33: =OFFSET(Gemini抽出データ!$A$1,DT29,3) -> 0 | DX33: =OFFSET(Gemini抽出データ!$A$1,DW29,3) -> 0 | EA33: =OFFSET(Gemini抽出データ!$A$1,DZ29,3) -> 0 | ED33: =OFFSET(Gemini抽出データ!$A$1,EC29,3) -> 0 | EG33: =OFFSET(Gemini抽出データ!$A$1,EF29,3) -> 0 | EJ33: =OFFSET(Gemini抽出データ!$A$1,EI29,3) -> 0 | EM33: =OFFSET(Gemini抽出データ!$A$1,EL29,3) -> 0 | EP33: =OFFSET(Gemini抽出データ!$A$1,EO29,3) -> 0 | ES33: =OFFSET(Gemini抽出データ!$A$1,ER29,3) -> 0 | EV33: =OFFSET(Gemini抽出データ!$A$1,EU29,3) -> 0 | EY33: =OFFSET(Gemini抽出データ!$A$1,EX29,3) -> 0 | FB33: =OFFSET(Gemini抽出データ!$A$1,FA29,3) -> 0 | FE33: =OFFSET(Gemini抽出データ!$A$1,FD29,3) -> 0 | FH33: =OFFSET(Gemini抽出データ!$A$1,FG29,3) -> 0 | FK33: =OFFSET(Gemini抽出データ!$A$1,FJ29,3) -> 0 | FN33: =OFFSET(Gemini抽出データ!$A$1,FM29,3) -> 0 | FQ33: =OFFSET(Gemini抽出データ!$A$1,FP29,3) -> 0 | FT33: =OFFSET(Gemini抽出データ!$A$1,FS29,3) -> 0 | FW33: =OFFSET(Gemini抽出データ!$A$1,FV29,3) -> 0 | FZ33: =OFFSET(Gemini抽出データ!$A$1,FY29,3) -> 0 | GC33: =OFFSET(Gemini抽出データ!$A$1,GB29,3) -> 0 | GF33: =OFFSET(Gemini抽出データ!$A$1,GE29,3) -> 0 | GI33: =OFFSET(Gemini抽出データ!$A$1,GH29,3) -> 0 | GL33: =OFFSET(Gemini抽出データ!$A$1,GK29,3) -> 0 | GO33: =OFFSET(Gemini抽出データ!$A$1,GN29,3) -> 0 | GR33: =OFFSET(Gemini抽出データ!$A$1,GQ29,3) -> 0 | GU33: =OFFSET(Gemini抽出データ!$A$1,GT29,3) -> 0 | GX33: =OFFSET(Gemini抽出データ!$A$1,GW29,3) -> 0 | HA33: =OFFSET(Gemini抽出データ!$A$1,GZ29,3) -> 0 | HD33: =OFFSET(Gemini抽出データ!$A$1,HC29,3) -> 0 | HG33: =OFFSET(Gemini抽出データ!$A$1,HF29,3) -> 0 | HJ33: =OFFSET(Gemini抽出データ!$A$1,HI29,3) -> 0 | HM33: =OFFSET(Gemini抽出データ!$A$1,HL29,3) -> 0 | HP33: =OFFSET(Gemini抽出データ!$A$1,HO29,3) -> 0 | HS33: =OFFSET(Gemini抽出データ!$A$1,HR29,3) -> 0 | HU33: =OFFSET(Gemini抽出データ!$A$1,#REF!,3) -> #REF!
D34: ="クラス"&D$1 -> クラス2 | G34: ="クラス"&G$1 -> クラス3 | J34: ="クラス"&J$1 -> クラス4 | P34: ="クラス"&P$1 -> クラス30 | S34: ="クラス"&S$1 -> クラス31 | V34: ="クラス"&V$1 -> クラス32 | AB34: ="クラス"&AB$1 -> クラス58 | AE34: ="クラス"&AE$1 -> クラス59 | AH34: ="クラス"&AH$1 -> クラス60 | AN34: ="クラス"&AN$1 -> クラス86 | AQ34: ="クラス"&AQ$1 -> クラス87 | AT34: ="クラス"&AT$1 -> クラス88 | AZ34: ="クラス"&AZ$1 -> クラス114 | BC34: ="クラス"&BC$1 -> クラス115 | BF34: ="クラス"&BF$1 -> クラス116 | BL34: ="クラス"&BL$1 -> クラス142 | BO34: ="クラス"&BO$1 -> クラス143 | BR34: ="クラス"&BR$1 -> クラス144 | BX34: ="クラス"&BX$1 -> クラス170 | CA34: ="クラス"&CA$1 -> クラス171 | CD34: ="クラス"&CD$1 -> クラス172 | CJ34: ="クラス"&CJ$1 -> クラス198 | CM34: ="クラス"&CM$1 -> クラス199 | CP34: ="クラス"&CP$1 -> クラス200 | CV34: ="クラス"&CV$1 -> クラス226 | CY34: ="クラス"&CY$1 -> クラス227 | DB34: ="クラス"&DB$1 -> クラス228 | DH34: ="クラス"&DH$1 -> クラス254 | DK34: ="クラス"&DK$1 -> クラス255 | DN34: ="クラス"&DN$1 -> クラス256 | DT34: ="クラス"&DT$1 -> クラス282 | DW34: ="クラス"&DW$1 -> クラス283 | DZ34: ="クラス"&DZ$1 -> クラス284 | EF34: ="クラス"&EF$1 -> クラス310 | EI34: ="クラス"&EI$1 -> クラス311 | EL34: ="クラス"&EL$1 -> クラス312 | ER34: ="クラス"&ER$1 -> クラス338 | EU34: ="クラス"&EU$1 -> クラス339 | EX34: ="クラス"&EX$1 -> クラス340 | FD34: ="クラス"&FD$1 -> クラス366 | FG34: ="クラス"&FG$1 -> クラス367 | FJ34: ="クラス"&FJ$1 -> クラス368 | FP34: ="クラス"&FP$1 -> クラス394 | FS34: ="クラス"&FS$1 -> クラス395 | FV34: ="クラス"&FV$1 -> クラス396 | GB34: ="クラス"&GB$1 -> クラス422 | GE34: ="クラス"&GE$1 -> クラス423 | GH34: ="クラス"&GH$1 -> クラス424 | GN34: ="クラス"&GN$1 -> クラス450 | GQ34: ="クラス"&GQ$1 -> クラス451 | GT34: ="クラス"&GT$1 -> クラス452 | GZ34: ="クラス"&GZ$1 -> クラス478 | HC34: ="クラス"&HC$1 -> クラス479 | HF34: ="クラス"&HF$1 -> クラス480 | HL34: ="クラス"&HL$1 -> クラス506 | HO34: ="クラス"&HO$1 -> クラス507 | HR34: ="クラス"&HR$1 -> クラス508
A35: ="クラス"&A$1 -> クラス1 | B35: =OFFSET(Gemini抽出データ!$A$1,A29,4) -> 0 | C35: =IF(OFFSET(Gemini抽出データ!$A$1,A29,5)=0,"",OFFSET(Gemini抽出データ!$A$1,A29,5)) | D35: =A35 -> クラス1 | E35: =OFFSET(Gemini抽出データ!$A$1,D29,4) -> 0 | F35: =IF(OFFSET(Gemini抽出データ!$A$1,D29,5)=0,"",OFFSET(Gemini抽出データ!$A$1,D29,5)) | G35: =A35 -> クラス1 | H35: =OFFSET(Gemini抽出データ!$A$1,G29,4) -> 0 | I35: =IF(OFFSET(Gemini抽出データ!$A$1,G29,5)=0,"",OFFSET(Gemini抽出データ!$A$1,G29,5)) | J35: =G35 -> クラス1 | K35: =OFFSET(Gemini抽出データ!$A$1,J29,4) -> 0 | L35: =IF(OFFSET(Gemini抽出データ!$A$1,J29,5)=0,"",OFFSET(Gemini抽出データ!$A$1,J29,5)) | M35: ="クラス"&M$1 -> クラス29 | N35: =OFFSET(Gemini抽出データ!$A$1,M29,4) -> 0 | O35: =IF(OFFSET(Gemini抽出データ!$A$1,M29,5)=0,"",OFFSET(Gemini抽出データ!$A$1,M29,5)) | P35: =M35 -> クラス29 | Q35: =OFFSET(Gemini抽出データ!$A$1,P29,4) -> 0 | R35: =IF(OFFSET(Gemini抽出データ!$A$1,P29,5)=0,"",OFFSET(Gemini抽出データ!$A$1,P29,5)) | S35: =M35 -> クラス29 | T35: =OFFSET(Gemini抽出データ!$A$1,S29,4) -> 0 | U35: =IF(OFFSET(Gemini抽出データ!$A$1,S29,5)=0,"",OFFSET(Gemini抽出データ!$A$1,S29,5)) | V35: =S35 -> クラス29 | W35: =OFFSET(Gemini抽出データ!$A$1,V29,4) -> 0 | X35: =IF(OFFSET(Gemini抽出データ!$A$1,V29,5)=0,"",OFFSET(Gemini抽出データ!$A$1,V29,5)) | Y35: ="クラス"&Y$1 -> クラス57 | Z35: =OFFSET(Gemini抽出データ!$A$1,Y29,4) -> 0 | AA35: =IF(OFFSET(Gemini抽出データ!$A$1,Y29,5)=0,"",OFFSET(Gemini抽出データ!$A$1,Y29,5)) | AB35: =Y35 -> クラス57 | AC35: =OFFSET(Gemini抽出データ!$A$1,AB29,4) -> 0 | AD35: =IF(OFFSET(Gemini抽出データ!$A$1,AB29,5)=0,"",OFFSET(Gemini抽出データ!$A$1,AB29,5)) | AE35: =Y35 -> クラス57 | AF35: =OFFSET(Gemini抽出データ!$A$1,AE29,4) -> 0 | AG35: =IF(OFFSET(Gemini抽出データ!$A$1,AE29,5)=0,"",OFFSET(Gemini抽出データ!$A$1,AE29,5)) | AH35: =AE35 -> クラス57 | AI35: =OFFSET(Gemini抽出データ!$A$1,AH29,4) -> 0 | AJ35: =IF(OFFSET(Gemini抽出データ!$A$1,AH29,5)=0,"",OFFSET(Gemini抽出データ!$A$1,AH29,5)) | AK35: ="クラス"&AK$1 -> クラス85 | AL35: =OFFSET(Gemini抽出データ!$A$1,AK29,4) -> 0 | AM35: =IF(OFFSET(Gemini抽出データ!$A$1,AK29,5)=0,"",OFFSET(Gemini抽出データ!$A$1,AK29,5)) | AN35: =AK35 -> クラス85 | AO35: =OFFSET(Gemini抽出データ!$A$1,AN29,4) -> 0 | AP35: =IF(OFFSET(Gemini抽出データ!$A$1,AN29,5)=0,"",OFFSET(Gemini抽出データ!$A$1,AN29,5)) | AQ35: =AK35 -> クラス85 | AR35: =OFFSET(Gemini抽出データ!$A$1,AQ29,4) -> 0 | AS35: =IF(OFFSET(Gemini抽出データ!$A$1,AQ29,5)=0,"",OFFSET(Gemini抽出データ!$A$1,AQ29,5)) | AT35: =AQ35 -> クラス85 | AU35: =OFFSET(Gemini抽出データ!$A$1,AT29,4) -> 0 | AV35: =IF(OFFSET(Gemini抽出データ!$A$1,AT29,5)=0,"",OFFSET(Gemini抽出データ!$A$1,AT29,5)) | AW35: ="クラス"&AW$1 -> クラス113 | AX35: =OFFSET(Gemini抽出データ!$A$1,AW29,4) -> 0 | AY35: =IF(OFFSET(Gemini抽出データ!$A$1,AW29,5)=0,"",OFFSET(Gemini抽出データ!$A$1,AW29,5)) | AZ35: =AW35 -> クラス113 | BA35: =OFFSET(Gemini抽出データ!$A$1,AZ29,4) -> 0 | BB35: =IF(OFFSET(Gemini抽出データ!$A$1,AZ29,5)=0,"",OFFSET(Gemini抽出データ!$A$1,AZ29,5)) | BC35: =AW35 -> クラス113 | BD35: =OFFSET(Gemini抽出データ!$A$1,BC29,4) -> 0 | BE35: =IF(OFFSET(Gemini抽出データ!$A$1,BC29,5)=0,"",OFFSET(Gemini抽出データ!$A$1,BC29,5)) | BF35: =BC35 -> クラス113 | BG35: =OFFSET(Gemini抽出データ!$A$1,BF29,4) -> 0 | BH35: =IF(OFFSET(Gemini抽出データ!$A$1,BF29,5)=0,"",OFFSET(Gemini抽出データ!$A$1,BF29,5)) | BI35: ="クラス"&BI$1 -> クラス141 | BJ35: =OFFSET(Gemini抽出データ!$A$1,BI29,4) -> 0 | BK35: =IF(OFFSET(Gemini抽出データ!$A$1,BI29,5)=0,"",OFFSET(Gemini抽出データ!$A$1,BI29,5)) | BL35: =BI35 -> クラス141 | BM35: =OFFSET(Gemini抽出データ!$A$1,BL29,4) -> 0 | BN35: =IF(OFFSET(Gemini抽出データ!$A$1,BL29,5)=0,"",OFFSET(Gemini抽出データ!$A$1,BL29,5)) | BO35: =BI35 -> クラス141 | BP35: =OFFSET(Gemini抽出データ!$A$1,BO29,4) -> 0 | BQ35: =IF(OFFSET(Gemini抽出データ!$A$1,BO29,5)=0,"",OFFSET(Gemini抽出データ!$A$1,BO29,5)) | BR35: =BO35 -> クラス141 | BS35: =OFFSET(Gemini抽出データ!$A$1,BR29,4) -> 0 | BT35: =IF(OFFSET(Gemini抽出データ!$A$1,BR29,5)=0,"",OFFSET(Gemini抽出データ!$A$1,BR29,5)) | BU35: ="クラス"&BU$1 -> クラス169 | BV35: =OFFSET(Gemini抽出データ!$A$1,BU29,4) -> 0 | BW35: =IF(OFFSET(Gemini抽出データ!$A$1,BU29,5)=0,"",OFFSET(Gemini抽出データ!$A$1,BU29,5)) | BX35: =BU35 -> クラス169 | BY35: =OFFSET(Gemini抽出データ!$A$1,BX29,4) -> 0 | BZ35: =IF(OFFSET(Gemini抽出データ!$A$1,BX29,5)=0,"",OFFSET(Gemini抽出データ!$A$1,BX29,5)) | CA35: =BU35 -> クラス169 | CB35: =OFFSET(Gemini抽出データ!$A$1,CA29,4) -> 0 | CC35: =IF(OFFSET(Gemini抽出データ!$A$1,CA29,5)=0,"",OFFSET(Gemini抽出データ!$A$1,CA29,5)) | CD35: =CA35 -> クラス169 | CE35: =OFFSET(Gemini抽出データ!$A$1,CD29,4) -> 0 | CF35: =IF(OFFSET(Gemini抽出データ!$A$1,CD29,5)=0,"",OFFSET(Gemini抽出データ!$A$1,CD29,5)) | CG35: ="クラス"&CG$1 -> クラス197 | CH35: =OFFSET(Gemini抽出データ!$A$1,CG29,4) -> 0 | CI35: =IF(OFFSET(Gemini抽出データ!$A$1,CG29,5)=0,"",OFFSET(Gemini抽出データ!$A$1,CG29,5)) | CJ35: =CG35 -> クラス197 | CK35: =OFFSET(Gemini抽出データ!$A$1,CJ29,4) -> 0 | CL35: =IF(OFFSET(Gemini抽出データ!$A$1,CJ29,5)=0,"",OFFSET(Gemini抽出データ!$A$1,CJ29,5)) | CM35: =CG35 -> クラス197 | CN35: =OFFSET(Gemini抽出データ!$A$1,CM29,4) -> 0 | CO35: =IF(OFFSET(Gemini抽出データ!$A$1,CM29,5)=0,"",OFFSET(Gemini抽出データ!$A$1,CM29,5)) | CP35: =CM35 -> クラス197 | CQ35: =OFFSET(Gemini抽出データ!$A$1,CP29,4) -> 0 | CR35: =IF(OFFSET(Gemini抽出データ!$A$1,CP29,5)=0,"",OFFSET(Gemini抽出データ!$A$1,CP29,5)) | CS35: ="クラス"&CS$1 -> クラス225 | CT35: =OFFSET(Gemini抽出データ!$A$1,CS29,4) -> 0 | CU35: =IF(OFFSET(Gemini抽出データ!$A$1,CS29,5)=0,"",OFFSET(Gemini抽出データ!$A$1,CS29,5)) | CV35: =CS35 -> クラス225 | CW35: =OFFSET(Gemini抽出データ!$A$1,CV29,4) -> 0 | CX35: =IF(OFFSET(Gemini抽出データ!$A$1,CV29,5)=0,"",OFFSET(Gemini抽出データ!$A$1,CV29,5)) | CY35: =CS35 -> クラス225 | CZ35: =OFFSET(Gemini抽出データ!$A$1,CY29,4) -> 0 | DA35: =IF(OFFSET(Gemini抽出データ!$A$1,CY29,5)=0,"",OFFSET(Gemini抽出データ!$A$1,CY29,5)) | DB35: =CY35 -> クラス225 | DC35: =OFFSET(Gemini抽出データ!$A$1,DB29,4) -> 0 | DD35: =IF(OFFSET(Gemini抽出データ!$A$1,DB29,5)=0,"",OFFSET(Gemini抽出データ!$A$1,DB29,5)) | DE35: ="クラス"&DE$1 -> クラス253 | DF35: =OFFSET(Gemini抽出データ!$A$1,DE29,4) -> 0 | DG35: =IF(OFFSET(Gemini抽出データ!$A$1,DE29,5)=0,"",OFFSET(Gemini抽出データ!$A$1,DE29,5)) | DH35: =DE35 -> クラス253 | DI35: =OFFSET(Gemini抽出データ!$A$1,DH29,4) -> 0 | DJ35: =IF(OFFSET(Gemini抽出データ!$A$1,DH29,5)=0,"",OFFSET(Gemini抽出データ!$A$1,DH29,5)) | DK35: =DE35 -> クラス253 | DL35: =OFFSET(Gemini抽出データ!$A$1,DK29,4) -> 0 | DM35: =IF(OFFSET(Gemini抽出データ!$A$1,DK29,5)=0,"",OFFSET(Gemini抽出データ!$A$1,DK29,5)) | DN35: =DK35 -> クラス253 | DO35: =OFFSET(Gemini抽出データ!$A$1,DN29,4) -> 0 | DP35: =IF(OFFSET(Gemini抽出データ!$A$1,DN29,5)=0,"",OFFSET(Gemini抽出データ!$A$1,DN29,5)) | DQ35: ="クラス"&DQ$1 -> クラス281 | DR35: =OFFSET(Gemini抽出データ!$A$1,DQ29,4) -> 0 | DS35: =IF(OFFSET(Gemini抽出データ!$A$1,DQ29,5)=0,"",OFFSET(Gemini抽出データ!$A$1,DQ29,5)) | DT35: =DQ35 -> クラス281 | DU35: =OFFSET(Gemini抽出データ!$A$1,DT29,4) -> 0 | DV35: =IF(OFFSET(Gemini抽出データ!$A$1,DT29,5)=0,"",OFFSET(Gemini抽出データ!$A$1,DT29,5)) | DW35: =DQ35 -> クラス281 | DX35: =OFFSET(Gemini抽出データ!$A$1,DW29,4) -> 0 | DY35: =IF(OFFSET(Gemini抽出データ!$A$1,DW29,5)=0,"",OFFSET(Gemini抽出データ!$A$1,DW29,5)) | DZ35: =DW35 -> クラス281 | EA35: =OFFSET(Gemini抽出データ!$A$1,DZ29,4) -> 0 | EB35: =IF(OFFSET(Gemini抽出データ!$A$1,DZ29,5)=0,"",OFFSET(Gemini抽出データ!$A$1,DZ29,5)) | EC35: ="クラス"&EC$1 -> クラス309 | ED35: =OFFSET(Gemini抽出データ!$A$1,EC29,4) -> 0 | EE35: =IF(OFFSET(Gemini抽出データ!$A$1,EC29,5)=0,"",OFFSET(Gemini抽出データ!$A$1,EC29,5)) | EF35: =EC35 -> クラス309 | EG35: =OFFSET(Gemini抽出データ!$A$1,EF29,4) -> 0 | EH35: =IF(OFFSET(Gemini抽出データ!$A$1,EF29,5)=0,"",OFFSET(Gemini抽出データ!$A$1,EF29,5)) | EI35: =EC35 -> クラス309 | EJ35: =OFFSET(Gemini抽出データ!$A$1,EI29,4) -> 0 | EK35: =IF(OFFSET(Gemini抽出データ!$A$1,EI29,5)=0,"",OFFSET(Gemini抽出データ!$A$1,EI29,5)) | EL35: =EI35 -> クラス309 | EM35: =OFFSET(Gemini抽出データ!$A$1,EL29,4) -> 0 | EN35: =IF(OFFSET(Gemini抽出データ!$A$1,EL29,5)=0,"",OFFSET(Gemini抽出データ!$A$1,EL29,5)) | EO35: ="クラス"&EO$1 -> クラス337 | EP35: =OFFSET(Gemini抽出データ!$A$1,EO29,4) -> 0 | EQ35: =IF(OFFSET(Gemini抽出データ!$A$1,EO29,5)=0,"",OFFSET(Gemini抽出データ!$A$1,EO29,5)) | ER35: =EO35 -> クラス337 | ES35: =OFFSET(Gemini抽出データ!$A$1,ER29,4) -> 0 | ET35: =IF(OFFSET(Gemini抽出データ!$A$1,ER29,5)=0,"",OFFSET(Gemini抽出データ!$A$1,ER29,5)) | EU35: =EO35 -> クラス337 | EV35: =OFFSET(Gemini抽出データ!$A$1,EU29,4) -> 0 | EW35: =IF(OFFSET(Gemini抽出データ!$A$1,EU29,5)=0,"",OFFSET(Gemini抽出データ!$A$1,EU29,5)) | EX35: =EU35 -> クラス337 | EY35: =OFFSET(Gemini抽出データ!$A$1,EX29,4) -> 0 | EZ35: =IF(OFFSET(Gemini抽出データ!$A$1,EX29,5)=0,"",OFFSET(Gemini抽出データ!$A$1,EX29,5)) | FA35: ="クラス"&FA$1 -> クラス365 | FB35: =OFFSET(Gemini抽出データ!$A$1,FA29,4) -> 0 | FC35: =IF(OFFSET(Gemini抽出データ!$A$1,FA29,5)=0,"",OFFSET(Gemini抽出データ!$A$1,FA29,5)) | FD35: =FA35 -> クラス365 | FE35: =OFFSET(Gemini抽出データ!$A$1,FD29,4) -> 0 | FF35: =IF(OFFSET(Gemini抽出データ!$A$1,FD29,5)=0,"",OFFSET(Gemini抽出データ!$A$1,FD29,5)) | FG35: =FA35 -> クラス365 | FH35: =OFFSET(Gemini抽出データ!$A$1,FG29,4) -> 0 | FI35: =IF(OFFSET(Gemini抽出データ!$A$1,FG29,5)=0,"",OFFSET(Gemini抽出データ!$A$1,FG29,5)) | FJ35: =FG35 -> クラス365 | FK35: =OFFSET(Gemini抽出データ!$A$1,FJ29,4) -> 0 | FL35: =IF(OFFSET(Gemini抽出データ!$A$1,FJ29,5)=0,"",OFFSET(Gemini抽出データ!$A$1,FJ29,5)) | FM35: ="クラス"&FM$1 -> クラス393 | FN35: =OFFSET(Gemini抽出データ!$A$1,FM29,4) -> 0 | FO35: =IF(OFFSET(Gemini抽出データ!$A$1,FM29,5)=0,"",OFFSET(Gemini抽出データ!$A$1,FM29,5)) | FP35: =FM35 -> クラス393 | FQ35: =OFFSET(Gemini抽出データ!$A$1,FP29,4) -> 0 | FR35: =IF(OFFSET(Gemini抽出データ!$A$1,FP29,5)=0,"",OFFSET(Gemini抽出データ!$A$1,FP29,5)) | FS35: =FM35 -> クラス393 | FT35: =OFFSET(Gemini抽出データ!$A$1,FS29,4) -> 0 | FU35: =IF(OFFSET(Gemini抽出データ!$A$1,FS29,5)=0,"",OFFSET(Gemini抽出データ!$A$1,FS29,5)) | FV35: =FS35 -> クラス393 | FW35: =OFFSET(Gemini抽出データ!$A$1,FV29,4) -> 0 | FX35: =IF(OFFSET(Gemini抽出データ!$A$1,FV29,5)=0,"",OFFSET(Gemini抽出データ!$A$1,FV29,5)) | FY35: ="クラス"&FY$1 -> クラス421 | FZ35: =OFFSET(Gemini抽出データ!$A$1,FY29,4) -> 0 | GA35: =IF(OFFSET(Gemini抽出データ!$A$1,FY29,5)=0,"",OFFSET(Gemini抽出データ!$A$1,FY29,5)) | GB35: =FY35 -> クラス421 | GC35: =OFFSET(Gemini抽出データ!$A$1,GB29,4) -> 0 | GD35: =IF(OFFSET(Gemini抽出データ!$A$1,GB29,5)=0,"",OFFSET(Gemini抽出データ!$A$1,GB29,5)) | GE35: =FY35 -> クラス421 | GF35: =OFFSET(Gemini抽出データ!$A$1,GE29,4) -> 0 | GG35: =IF(OFFSET(Gemini抽出データ!$A$1,GE29,5)=0,"",OFFSET(Gemini抽出データ!$A$1,GE29,5)) | GH35: =GE35 -> クラス421 | GI35: =OFFSET(Gemini抽出データ!$A$1,GH29,4) -> 0 | GJ35: =IF(OFFSET(Gemini抽出データ!$A$1,GH29,5)=0,"",OFFSET(Gemini抽出データ!$A$1,GH29,5)) | GK35: ="クラス"&GK$1 -> クラス449 | GL35: =OFFSET(Gemini抽出データ!$A$1,GK29,4) -> 0 | GM35: =IF(OFFSET(Gemini抽出データ!$A$1,GK29,5)=0,"",OFFSET(Gemini抽出データ!$A$1,GK29,5)) | GN35: =GK35 -> クラス449 | GO35: =OFFSET(Gemini抽出データ!$A$1,GN29,4) -> 0 | GP35: =IF(OFFSET(Gemini抽出データ!$A$1,GN29,5)=0,"",OFFSET(Gemini抽出データ!$A$1,GN29,5)) | GQ35: =GK35 -> クラス449 | GR35: =OFFSET(Gemini抽出データ!$A$1,GQ29,4) -> 0 | GS35: =IF(OFFSET(Gemini抽出データ!$A$1,GQ29,5)=0,"",OFFSET(Gemini抽出データ!$A$1,GQ29,5)) | GT35: =GQ35 -> クラス449 | GU35: =OFFSET(Gemini抽出データ!$A$1,GT29,4) -> 0 | GV35: =IF(OFFSET(Gemini抽出データ!$A$1,GT29,5)=0,"",OFFSET(Gemini抽出データ!$A$1,GT29,5)) | GW35: ="クラス"&GW$1 -> クラス477 | GX35: =OFFSET(Gemini抽出データ!$A$1,GW29,4) -> 0 | GY35: =IF(OFFSET(Gemini抽出データ!$A$1,GW29,5)=0,"",OFFSET(Gemini抽出データ!$A$1,GW29,5)) | GZ35: =GW35 -> クラス477 | HA35: =OFFSET(Gemini抽出データ!$A$1,GZ29,4) -> 0 | HB35: =IF(OFFSET(Gemini抽出データ!$A$1,GZ29,5)=0,"",OFFSET(Gemini抽出データ!$A$1,GZ29,5)) | HC35: =GW35 -> クラス477 | HD35: =OFFSET(Gemini抽出データ!$A$1,HC29,4) -> 0 | HE35: =IF(OFFSET(Gemini抽出データ!$A$1,HC29,5)=0,"",OFFSET(Gemini抽出データ!$A$1,HC29,5)) | HF35: =HC35 -> クラス477 | HG35: =OFFSET(Gemini抽出データ!$A$1,HF29,4) -> 0 | HH35: =IF(OFFSET(Gemini抽出データ!$A$1,HF29,5)=0,"",OFFSET(Gemini抽出データ!$A$1,HF29,5)) | HI35: ="クラス"&HI$1 -> クラス505 | HJ35: =OFFSET(Gemini抽出データ!$A$1,HI29,4) -> 0 | HK35: =IF(OFFSET(Gemini抽出データ!$A$1,HI29,5)=0,"",OFFSET(Gemini抽出データ!$A$1,HI29,5)) | HL35: =HI35 -> クラス505 | HM35: =OFFSET(Gemini抽出データ!$A$1,HL29,4) -> 0 | HN35: =IF(OFFSET(Gemini抽出データ!$A$1,HL29,5)=0,"",OFFSET(Gemini抽出データ!$A$1,HL29,5)) | HO35: =HI35 -> クラス505 | HP35: =OFFSET(Gemini抽出データ!$A$1,HO29,4) -> 0 | HQ35: =IF(OFFSET(Gemini抽出データ!$A$1,HO29,5)=0,"",OFFSET(Gemini抽出データ!$A$1,HO29,5)) | HR35: =HO35 -> クラス505 | HS35: =OFFSET(Gemini抽出データ!$A$1,HR29,4) -> 0 | HT35: =IF(OFFSET(Gemini抽出データ!$A$1,HR29,5)=0,"",OFFSET(Gemini抽出データ!$A$1,HR29,5)) | HU35: =OFFSET(Gemini抽出データ!$A$1,#REF!,4) -> #REF! | HV35: =IF(OFFSET(Gemini抽出データ!$A$1,#REF!,5)=0,"",OFFSET(Gemini抽出データ!$A$1,#REF!,5)) -> #REF!
A36: =J29+1 -> 21 | B36: =OFFSET(Gemini抽出データ!$A$1,A36,0) -> 0 | D36: =A36+1 -> 22 | E36: =OFFSET(Gemini抽出データ!$A$1,D36,0) -> 0 | G36: =D36+1 -> 23 | H36: =OFFSET(Gemini抽出データ!$A$1,G36,0) -> 0 | J36: =G36+1 -> 24 | K36: =OFFSET(Gemini抽出データ!$A$1,J36,0) -> 0 | M36: =V29+1 -> 49 | N36: =OFFSET(Gemini抽出データ!$A$1,M36,0) -> 0 | P36: =M36+1 -> 50 | Q36: =OFFSET(Gemini抽出データ!$A$1,P36,0) -> 0 | S36: =P36+1 -> 51 | T36: =OFFSET(Gemini抽出データ!$A$1,S36,0) -> 0 | V36: =S36+1 -> 52 | W36: =OFFSET(Gemini抽出データ!$A$1,V36,0) -> 0 | Y36: =AH29+1 -> 77 | Z36: =OFFSET(Gemini抽出データ!$A$1,Y36,0) -> 0 | AB36: =Y36+1 -> 78 | AC36: =OFFSET(Gemini抽出データ!$A$1,AB36,0) -> 0 | AE36: =AB36+1 -> 79 | AF36: =OFFSET(Gemini抽出データ!$A$1,AE36,0) -> 0 | AH36: =AE36+1 -> 80 | AI36: =OFFSET(Gemini抽出データ!$A$1,AH36,0) -> 0 | AK36: =AT29+1 -> 105 | AL36: =OFFSET(Gemini抽出データ!$A$1,AK36,0) -> 0 | AN36: =AK36+1 -> 106 | AO36: =OFFSET(Gemini抽出データ!$A$1,AN36,0) -> 0 | AQ36: =AN36+1 -> 107 | AR36: =OFFSET(Gemini抽出データ!$A$1,AQ36,0) -> 0 | AT36: =AQ36+1 -> 108 | AU36: =OFFSET(Gemini抽出データ!$A$1,AT36,0) -> 0 | AW36: =BF29+1 -> 133 | AX36: =OFFSET(Gemini抽出データ!$A$1,AW36,0) -> 0 | AZ36: =AW36+1 -> 134 | BA36: =OFFSET(Gemini抽出データ!$A$1,AZ36,0) -> 0 | BC36: =AZ36+1 -> 135 | BD36: =OFFSET(Gemini抽出データ!$A$1,BC36,0) -> 0 | BF36: =BC36+1 -> 136 | BG36: =OFFSET(Gemini抽出データ!$A$1,BF36,0) -> 0 | BI36: =BR29+1 -> 161 | BJ36: =OFFSET(Gemini抽出データ!$A$1,BI36,0) -> 0 | BL36: =BI36+1 -> 162 | BM36: =OFFSET(Gemini抽出データ!$A$1,BL36,0) -> 0 | BO36: =BL36+1 -> 163 | BP36: =OFFSET(Gemini抽出データ!$A$1,BO36,0) -> 0 | BR36: =BO36+1 -> 164 | BS36: =OFFSET(Gemini抽出データ!$A$1,BR36,0) -> 0 | BU36: =CD29+1 -> 189 | BV36: =OFFSET(Gemini抽出データ!$A$1,BU36,0) -> 0 | BX36: =BU36+1 -> 190 | BY36: =OFFSET(Gemini抽出データ!$A$1,BX36,0) -> 0 | CA36: =BX36+1 -> 191 | CB36: =OFFSET(Gemini抽出データ!$A$1,CA36,0) -> 0 | CD36: =CA36+1 -> 192 | CE36: =OFFSET(Gemini抽出データ!$A$1,CD36,0) -> 0 | CG36: =CP29+1 -> 217 | CH36: =OFFSET(Gemini抽出データ!$A$1,CG36,0) -> 0 | CJ36: =CG36+1 -> 218 | CK36: =OFFSET(Gemini抽出データ!$A$1,CJ36,0) -> 0 | CM36: =CJ36+1 -> 219 | CN36: =OFFSET(Gemini抽出データ!$A$1,CM36,0) -> 0 | CP36: =CM36+1 -> 220 | CQ36: =OFFSET(Gemini抽出データ!$A$1,CP36,0) -> 0 | CS36: =DB29+1 -> 245 | CT36: =OFFSET(Gemini抽出データ!$A$1,CS36,0) -> 0 | CV36: =CS36+1 -> 246 | CW36: =OFFSET(Gemini抽出データ!$A$1,CV36,0) -> 0 | CY36: =CV36+1 -> 247 | CZ36: =OFFSET(Gemini抽出データ!$A$1,CY36,0) -> 0 | DB36: =CY36+1 -> 248 | DC36: =OFFSET(Gemini抽出データ!$A$1,DB36,0) -> 0 | DE36: =DN29+1 -> 273 | DF36: =OFFSET(Gemini抽出データ!$A$1,DE36,0) -> 0 | DH36: =DE36+1 -> 274 | DI36: =OFFSET(Gemini抽出データ!$A$1,DH36,0) -> 0 | DK36: =DH36+1 -> 275 | DL36: =OFFSET(Gemini抽出データ!$A$1,DK36,0) -> 0 | DN36: =DK36+1 -> 276 | DO36: =OFFSET(Gemini抽出データ!$A$1,DN36,0) -> 0 | DQ36: =DZ29+1 -> 301 | DR36: =OFFSET(Gemini抽出データ!$A$1,DQ36,0) -> 0 | DT36: =DQ36+1 -> 302 | DU36: =OFFSET(Gemini抽出データ!$A$1,DT36,0) -> 0 | DW36: =DT36+1 -> 303 | DX36: =OFFSET(Gemini抽出データ!$A$1,DW36,0) -> 0 | DZ36: =DW36+1 -> 304 | EA36: =OFFSET(Gemini抽出データ!$A$1,DZ36,0) -> 0 | EC36: =EL29+1 -> 329 | ED36: =OFFSET(Gemini抽出データ!$A$1,EC36,0) -> 0 | EF36: =EC36+1 -> 330 | EG36: =OFFSET(Gemini抽出データ!$A$1,EF36,0) -> 0 | EI36: =EF36+1 -> 331 | EJ36: =OFFSET(Gemini抽出データ!$A$1,EI36,0) -> 0 | EL36: =EI36+1 -> 332 | EM36: =OFFSET(Gemini抽出データ!$A$1,EL36,0) -> 0 | EO36: =EX29+1 -> 357 | EP36: =OFFSET(Gemini抽出データ!$A$1,EO36,0) -> 0 | ER36: =EO36+1 -> 358 | ES36: =OFFSET(Gemini抽出データ!$A$1,ER36,0) -> 0 | EU36: =ER36+1 -> 359 | EV36: =OFFSET(Gemini抽出データ!$A$1,EU36,0) -> 0 | EX36: =EU36+1 -> 360 | EY36: =OFFSET(Gemini抽出データ!$A$1,EX36,0) -> 0 | FA36: =FJ29+1 -> 385 | FB36: =OFFSET(Gemini抽出データ!$A$1,FA36,0) -> 0 | FD36: =FA36+1 -> 386 | FE36: =OFFSET(Gemini抽出データ!$A$1,FD36,0) -> 0 | FG36: =FD36+1 -> 387 | FH36: =OFFSET(Gemini抽出データ!$A$1,FG36,0) -> 0 | FJ36: =FG36+1 -> 388 | FK36: =OFFSET(Gemini抽出データ!$A$1,FJ36,0) -> 0 | FM36: =FV29+1 -> 413 | FN36: =OFFSET(Gemini抽出データ!$A$1,FM36,0) -> 0 | FP36: =FM36+1 -> 414 | FQ36: =OFFSET(Gemini抽出データ!$A$1,FP36,0) -> 0 | FS36: =FP36+1 -> 415 | FT36: =OFFSET(Gemini抽出データ!$A$1,FS36,0) -> 0 | FV36: =FS36+1 -> 416 | FW36: =OFFSET(Gemini抽出データ!$A$1,FV36,0) -> 0 | FY36: =GH29+1 -> 441 | FZ36: =OFFSET(Gemini抽出データ!$A$1,FY36,0) -> 0 | GB36: =FY36+1 -> 442 | GC36: =OFFSET(Gemini抽出データ!$A$1,GB36,0) -> 0 | GE36: =GB36+1 -> 443 | GF36: =OFFSET(Gemini抽出データ!$A$1,GE36,0) -> 0 | GH36: =GE36+1 -> 444 | GI36: =OFFSET(Gemini抽出データ!$A$1,GH36,0) -> 0 | GK36: =GT29+1 -> 469 | GL36: =OFFSET(Gemini抽出データ!$A$1,GK36,0) -> 0 | GN36: =GK36+1 -> 470 | GO36: =OFFSET(Gemini抽出データ!$A$1,GN36,0) -> 0 | GQ36: =GN36+1 -> 471 | GR36: =OFFSET(Gemini抽出データ!$A$1,GQ36,0) -> 0 | GT36: =GQ36+1 -> 472 | GU36: =OFFSET(Gemini抽出データ!$A$1,GT36,0) -> 0 | GW36: =HF29+1 -> 497 | GX36: =OFFSET(Gemini抽出データ!$A$1,GW36,0) -> 0 | GZ36: =GW36+1 -> 498 | HA36: =OFFSET(Gemini抽出データ!$A$1,GZ36,0) -> 0 | HC36: =GZ36+1 -> 499 | HD36: =OFFSET(Gemini抽出データ!$A$1,HC36,0) -> 0 | HF36: =HC36+1 -> 500 | HG36: =OFFSET(Gemini抽出データ!$A$1,HF36,0) -> 0 | HI36: =HR29+1 -> 525 | HJ36: =OFFSET(Gemini抽出データ!$A$1,HI36,0) -> 0 | HL36: =HI36+1 -> 526 | HM36: =OFFSET(Gemini抽出データ!$A$1,HL36,0) -> 0 | HO36: =HL36+1 -> 527 | HP36: =OFFSET(Gemini抽出データ!$A$1,HO36,0) -> 0 | HR36: =HO36+1 -> 528 | HS36: =OFFSET(Gemini抽出データ!$A$1,HR36,0) -> 0 | HU36: =OFFSET(Gemini抽出データ!$A$1,#REF!,0) -> #REF!
A37: ="クライアント名"&A$1 -> クライアント名1 | B37: =OFFSET(Gemini抽出データ!$A$1,A36,2) -> 0 | D37: ="クライアント名"&D$1 -> クライアント名2 | E37: =OFFSET(Gemini抽出データ!$A$1,D36,2) -> 0 | G37: ="クライアント名"&G$1 -> クライアント名3 | H37: =OFFSET(Gemini抽出データ!$A$1,G36,2) -> 0 | J37: ="クライアント名"&J$1 -> クライアント名4 | K37: =OFFSET(Gemini抽出データ!$A$1,J36,2) -> 0 | M37: ="クライアント名"&M$1 -> クライアント名29 | N37: =OFFSET(Gemini抽出データ!$A$1,M36,2) -> 0 | P37: ="クライアント名"&P$1 -> クライアント名30 | Q37: =OFFSET(Gemini抽出データ!$A$1,P36,2) -> 0 | S37: ="クライアント名"&S$1 -> クライアント名31 | T37: =OFFSET(Gemini抽出データ!$A$1,S36,2) -> 0 | V37: ="クライアント名"&V$1 -> クライアント名32 | W37: =OFFSET(Gemini抽出データ!$A$1,V36,2) -> 0 | Y37: ="クライアント名"&Y$1 -> クライアント名57 | Z37: =OFFSET(Gemini抽出データ!$A$1,Y36,2) -> 0 | AB37: ="クライアント名"&AB$1 -> クライアント名58 | AC37: =OFFSET(Gemini抽出データ!$A$1,AB36,2) -> 0 | AE37: ="クライアント名"&AE$1 -> クライアント名59 | AF37: =OFFSET(Gemini抽出データ!$A$1,AE36,2) -> 0 | AH37: ="クライアント名"&AH$1 -> クライアント名60 | AI37: =OFFSET(Gemini抽出データ!$A$1,AH36,2) -> 0 | AK37: ="クライアント名"&AK$1 -> クライアント名85 | AL37: =OFFSET(Gemini抽出データ!$A$1,AK36,2) -> 0 | AN37: ="クライアント名"&AN$1 -> クライアント名86 | AO37: =OFFSET(Gemini抽出データ!$A$1,AN36,2) -> 0 | AQ37: ="クライアント名"&AQ$1 -> クライアント名87 | AR37: =OFFSET(Gemini抽出データ!$A$1,AQ36,2) -> 0 | AT37: ="クライアント名"&AT$1 -> クライアント名88 | AU37: =OFFSET(Gemini抽出データ!$A$1,AT36,2) -> 0 | AW37: ="クライアント名"&AW$1 -> クライアント名113 | AX37: =OFFSET(Gemini抽出データ!$A$1,AW36,2) -> 0 | AZ37: ="クライアント名"&AZ$1 -> クライアント名114 | BA37: =OFFSET(Gemini抽出データ!$A$1,AZ36,2) -> 0 | BC37: ="クライアント名"&BC$1 -> クライアント名115 | BD37: =OFFSET(Gemini抽出データ!$A$1,BC36,2) -> 0 | BF37: ="クライアント名"&BF$1 -> クライアント名116 | BG37: =OFFSET(Gemini抽出データ!$A$1,BF36,2) -> 0 | BI37: ="クライアント名"&BI$1 -> クライアント名141 | BJ37: =OFFSET(Gemini抽出データ!$A$1,BI36,2) -> 0 | BL37: ="クライアント名"&BL$1 -> クライアント名142 | BM37: =OFFSET(Gemini抽出データ!$A$1,BL36,2) -> 0 | BO37: ="クライアント名"&BO$1 -> クライアント名143 | BP37: =OFFSET(Gemini抽出データ!$A$1,BO36,2) -> 0 | BR37: ="クライアント名"&BR$1 -> クライアント名144 | BS37: =OFFSET(Gemini抽出データ!$A$1,BR36,2) -> 0 | BU37: ="クライアント名"&BU$1 -> クライアント名169 | BV37: =OFFSET(Gemini抽出データ!$A$1,BU36,2) -> 0 | BX37: ="クライアント名"&BX$1 -> クライアント名170 | BY37: =OFFSET(Gemini抽出データ!$A$1,BX36,2) -> 0 | CA37: ="クライアント名"&CA$1 -> クライアント名171 | CB37: =OFFSET(Gemini抽出データ!$A$1,CA36,2) -> 0 | CD37: ="クライアント名"&CD$1 -> クライアント名172 | CE37: =OFFSET(Gemini抽出データ!$A$1,CD36,2) -> 0 | CG37: ="クライアント名"&CG$1 -> クライアント名197 | CH37: =OFFSET(Gemini抽出データ!$A$1,CG36,2) -> 0 | CJ37: ="クライアント名"&CJ$1 -> クライアント名198 | CK37: =OFFSET(Gemini抽出データ!$A$1,CJ36,2) -> 0 | CM37: ="クライアント名"&CM$1 -> クライアント名199 | CN37: =OFFSET(Gemini抽出データ!$A$1,CM36,2) -> 0 | CP37: ="クライアント名"&CP$1 -> クライアント名200 | CQ37: =OFFSET(Gemini抽出データ!$A$1,CP36,2) -> 0 | CS37: ="クライアント名"&CS$1 -> クライアント名225 | CT37: =OFFSET(Gemini抽出データ!$A$1,CS36,2) -> 0 | CV37: ="クライアント名"&CV$1 -> クライアント名226 | CW37: =OFFSET(Gemini抽出データ!$A$1,CV36,2) -> 0 | CY37: ="クライアント名"&CY$1 -> クライアント名227 | CZ37: =OFFSET(Gemini抽出データ!$A$1,CY36,2) -> 0 | DB37: ="クライアント名"&DB$1 -> クライアント名228 | DC37: =OFFSET(Gemini抽出データ!$A$1,DB36,2) -> 0 | DE37: ="クライアント名"&DE$1 -> クライアント名253 | DF37: =OFFSET(Gemini抽出データ!$A$1,DE36,2) -> 0 | DH37: ="クライアント名"&DH$1 -> クライアント名254 | DI37: =OFFSET(Gemini抽出データ!$A$1,DH36,2) -> 0 | DK37: ="クライアント名"&DK$1 -> クライアント名255 | DL37: =OFFSET(Gemini抽出データ!$A$1,DK36,2) -> 0 | DN37: ="クライアント名"&DN$1 -> クライアント名256 | DO37: =OFFSET(Gemini抽出データ!$A$1,DN36,2) -> 0 | DQ37: ="クライアント名"&DQ$1 -> クライアント名281 | DR37: =OFFSET(Gemini抽出データ!$A$1,DQ36,2) -> 0 | DT37: ="クライアント名"&DT$1 -> クライアント名282 | DU37: =OFFSET(Gemini抽出データ!$A$1,DT36,2) -> 0 | DW37: ="クライアント名"&DW$1 -> クライアント名283 | DX37: =OFFSET(Gemini抽出データ!$A$1,DW36,2) -> 0 | DZ37: ="クライアント名"&DZ$1 -> クライアント名284 | EA37: =OFFSET(Gemini抽出データ!$A$1,DZ36,2) -> 0 | EC37: ="クライアント名"&EC$1 -> クライアント名309 | ED37: =OFFSET(Gemini抽出データ!$A$1,EC36,2) -> 0 | EF37: ="クライアント名"&EF$1 -> クライアント名310 | EG37: =OFFSET(Gemini抽出データ!$A$1,EF36,2) -> 0 | EI37: ="クライアント名"&EI$1 -> クライアント名311 | EJ37: =OFFSET(Gemini抽出データ!$A$1,EI36,2) -> 0 | EL37: ="クライアント名"&EL$1 -> クライアント名312 | EM37: =OFFSET(Gemini抽出データ!$A$1,EL36,2) -> 0 | EO37: ="クライアント名"&EO$1 -> クライアント名337 | EP37: =OFFSET(Gemini抽出データ!$A$1,EO36,2) -> 0 | ER37: ="クライアント名"&ER$1 -> クライアント名338 | ES37: =OFFSET(Gemini抽出データ!$A$1,ER36,2) -> 0 | EU37: ="クライアント名"&EU$1 -> クライアント名339 | EV37: =OFFSET(Gemini抽出データ!$A$1,EU36,2) -> 0 | EX37: ="クライアント名"&EX$1 -> クライアント名340 | EY37: =OFFSET(Gemini抽出データ!$A$1,EX36,2) -> 0 | FA37: ="クライアント名"&FA$1 -> クライアント名365 | FB37: =OFFSET(Gemini抽出データ!$A$1,FA36,2) -> 0 | FD37: ="クライアント名"&FD$1 -> クライアント名366 | FE37: =OFFSET(Gemini抽出データ!$A$1,FD36,2) -> 0 | FG37: ="クライアント名"&FG$1 -> クライアント名367 | FH37: =OFFSET(Gemini抽出データ!$A$1,FG36,2) -> 0 | FJ37: ="クライアント名"&FJ$1 -> クライアント名368 | FK37: =OFFSET(Gemini抽出データ!$A$1,FJ36,2) -> 0 | FM37: ="クライアント名"&FM$1 -> クライアント名393 | FN37: =OFFSET(Gemini抽出データ!$A$1,FM36,2) -> 0 | FP37: ="クライアント名"&FP$1 -> クライアント名394 | FQ37: =OFFSET(Gemini抽出データ!$A$1,FP36,2) -> 0 | FS37: ="クライアント名"&FS$1 -> クライアント名395 | FT37: =OFFSET(Gemini抽出データ!$A$1,FS36,2) -> 0 | FV37: ="クライアント名"&FV$1 -> クライアント名396 | FW37: =OFFSET(Gemini抽出データ!$A$1,FV36,2) -> 0 | FY37: ="クライアント名"&FY$1 -> クライアント名421 | FZ37: =OFFSET(Gemini抽出データ!$A$1,FY36,2) -> 0 | GB37: ="クライアント名"&GB$1 -> クライアント名422 | GC37: =OFFSET(Gemini抽出データ!$A$1,GB36,2) -> 0 | GE37: ="クライアント名"&GE$1 -> クライアント名423 | GF37: =OFFSET(Gemini抽出データ!$A$1,GE36,2) -> 0 | GH37: ="クライアント名"&GH$1 -> クライアント名424 | GI37: =OFFSET(Gemini抽出データ!$A$1,GH36,2) -> 0 | GK37: ="クライアント名"&GK$1 -> クライアント名449 | GL37: =OFFSET(Gemini抽出データ!$A$1,GK36,2) -> 0 | GN37: ="クライアント名"&GN$1 -> クライアント名450 | GO37: =OFFSET(Gemini抽出データ!$A$1,GN36,2) -> 0 | GQ37: ="クライアント名"&GQ$1 -> クライアント名451 | GR37: =OFFSET(Gemini抽出データ!$A$1,GQ36,2) -> 0 | GT37: ="クライアント名"&GT$1 -> クライアント名452 | GU37: =OFFSET(Gemini抽出データ!$A$1,GT36,2) -> 0 | GW37: ="クライアント名"&GW$1 -> クライアント名477 | GX37: =OFFSET(Gemini抽出データ!$A$1,GW36,2) -> 0 | GZ37: ="クライアント名"&GZ$1 -> クライアント名478 | HA37: =OFFSET(Gemini抽出データ!$A$1,GZ36,2) -> 0 | HC37: ="クライアント名"&HC$1 -> クライアント名479 | HD37: =OFFSET(Gemini抽出データ!$A$1,HC36,2) -> 0 | HF37: ="クライアント名"&HF$1 -> クライアント名480 | HG37: =OFFSET(Gemini抽出データ!$A$1,HF36,2) -> 0 | HI37: ="クライアント名"&HI$1 -> クライアント名505 | HJ37: =OFFSET(Gemini抽出データ!$A$1,HI36,2) -> 0 | HL37: ="クライアント名"&HL$1 -> クライアント名506 | HM37: =OFFSET(Gemini抽出データ!$A$1,HL36,2) -> 0 | HO37: ="クライアント名"&HO$1 -> クライアント名507 | HP37: =OFFSET(Gemini抽出データ!$A$1,HO36,2) -> 0 | HR37: ="クライアント名"&HR$1 -> クライアント名508 | HS37: =OFFSET(Gemini抽出データ!$A$1,HR36,2) -> 0 | HU37: =OFFSET(Gemini抽出データ!$A$1,#REF!,2) -> #REF!
